==================================================
       OpenFAST Selected Data Text Export        
==================================================

📁 Source File: Main_P0Cd4_Default
Time_(s)	PtfmPitch_(deg)	Wave1Elev_(m)
0.000000e+00	0.000000e+00	3.899000e-02
5.000000e-01	-5.435000e-02	-3.792000e-01
1.000000e+00	-9.312000e-02	-6.346000e-01
1.500000e+00	-1.938000e-01	-8.751000e-01
2.000000e+00	-3.452000e-01	-1.164000e+00
2.500000e+00	-4.777000e-01	-1.462000e+00
3.000000e+00	-6.863000e-01	-1.738000e+00
3.500000e+00	-8.604000e-01	-2.022000e+00
4.000000e+00	-1.040000e+00	-2.333000e+00
4.500000e+00	-1.184000e+00	-2.633000e+00
5.000000e+00	-1.155000e+00	-2.850000e+00
5.500000e+00	-1.045000e+00	-2.930000e+00
6.000000e+00	-7.439000e-01	-2.846000e+00
6.500000e+00	-3.232000e-01	-2.561000e+00
7.000000e+00	1.681000e-01	-2.011000e+00
7.500000e+00	7.854000e-01	-1.160000e+00
8.000000e+00	1.380000e+00	-7.830000e-02
8.500000e+00	1.979000e+00	1.035000e+00
9.000000e+00	2.513000e+00	1.966000e+00
9.500000e+00	2.973000e+00	2.614000e+00
1.000000e+01	3.335000e+00	3.008000e+00
1.050000e+01	3.576000e+00	3.208000e+00
1.100000e+01	3.723000e+00	3.259000e+00
1.150000e+01	3.729000e+00	3.233000e+00
1.200000e+01	3.645000e+00	3.214000e+00
1.250000e+01	3.444000e+00	3.185000e+00
1.300000e+01	3.108000e+00	3.006000e+00
1.350000e+01	2.666000e+00	2.595000e+00
1.400000e+01	2.074000e+00	2.073000e+00
1.450000e+01	1.363000e+00	1.612000e+00
1.500000e+01	5.182000e-01	1.172000e+00
1.550000e+01	-4.479000e-01	5.178000e-01
1.600000e+01	-1.484000e+00	-4.671000e-01
1.650000e+01	-2.603000e+00	-1.606000e+00
1.700000e+01	-3.680000e+00	-2.637000e+00
1.750000e+01	-4.687000e+00	-3.491000e+00
1.800000e+01	-5.536000e+00	-4.246000e+00
1.850000e+01	-6.145000e+00	-4.890000e+00
1.900000e+01	-6.462000e+00	-5.258000e+00
1.950000e+01	-6.378000e+00	-5.223000e+00
2.000000e+01	-5.862000e+00	-4.808000e+00
2.050000e+01	-4.947000e+00	-4.078000e+00
2.100000e+01	-3.680000e+00	-3.022000e+00
2.150000e+01	-2.187000e+00	-1.612000e+00
2.200000e+01	-5.557000e-01	5.587000e-02
2.250000e+01	1.049000e+00	1.766000e+00
2.300000e+01	2.544000e+00	3.294000e+00
2.350000e+01	3.799000e+00	4.467000e+00
2.400000e+01	4.769000e+00	5.152000e+00
2.450000e+01	5.400000e+00	5.268000e+00
2.500000e+01	5.666000e+00	4.868000e+00
2.550000e+01	5.627000e+00	4.184000e+00
2.600000e+01	5.255000e+00	3.501000e+00
2.650000e+01	4.626000e+00	2.935000e+00
2.700000e+01	3.730000e+00	2.290000e+00
2.750000e+01	2.621000e+00	1.208000e+00
2.800000e+01	1.395000e+00	-4.514000e-01
2.850000e+01	5.841000e-02	-2.338000e+00
2.900000e+01	-1.194000e+00	-3.768000e+00
2.950000e+01	-2.385000e+00	-4.256000e+00
3.000000e+01	-3.378000e+00	-3.877000e+00
3.050000e+01	-4.120000e+00	-3.057000e+00
3.100000e+01	-4.657000e+00	-2.089000e+00
3.150000e+01	-4.867000e+00	-9.861000e-01
3.200000e+01	-4.872000e+00	1.914000e-01
3.250000e+01	-4.688000e+00	1.075000e+00
3.300000e+01	-4.340000e+00	1.253000e+00
3.350000e+01	-3.927000e+00	7.483000e-01
3.400000e+01	-3.407000e+00	5.683000e-02
3.450000e+01	-2.814000e+00	-3.404000e-01
3.500000e+01	-2.202000e+00	-3.733000e-01
3.550000e+01	-1.518000e+00	-2.525000e-01
3.600000e+01	-8.200000e-01	-1.124000e-01
3.650000e+01	-8.227000e-02	5.949000e-02
3.700000e+01	6.857000e-01	2.169000e-01
3.750000e+01	1.373000e+00	1.981000e-01
3.800000e+01	1.979000e+00	-5.954000e-02
3.850000e+01	2.435000e+00	-3.927000e-01
3.900000e+01	2.770000e+00	-6.014000e-01
3.950000e+01	3.041000e+00	-6.811000e-01
4.000000e+01	3.230000e+00	-7.492000e-01
4.050000e+01	3.388000e+00	-7.890000e-01
4.100000e+01	3.496000e+00	-6.009000e-01
4.150000e+01	3.546000e+00	-2.680000e-02
4.200000e+01	3.547000e+00	8.697000e-01
4.250000e+01	3.449000e+00	1.859000e+00
4.300000e+01	3.234000e+00	2.685000e+00
4.350000e+01	2.877000e+00	3.128000e+00
4.400000e+01	2.358000e+00	3.067000e+00
4.450000e+01	1.696000e+00	2.565000e+00
4.500000e+01	8.877000e-01	1.854000e+00
4.550000e+01	-3.722000e-02	1.129000e+00
4.600000e+01	-1.035000e+00	3.981000e-01
4.650000e+01	-2.057000e+00	-3.967000e-01
4.700000e+01	-3.033000e+00	-1.202000e+00
4.750000e+01	-3.907000e+00	-1.907000e+00
4.800000e+01	-4.622000e+00	-2.532000e+00
4.850000e+01	-5.135000e+00	-3.178000e+00
4.900000e+01	-5.360000e+00	-3.773000e+00
4.950000e+01	-5.289000e+00	-4.034000e+00
5.000000e+01	-4.893000e+00	-3.761000e+00
5.050000e+01	-4.146000e+00	-3.038000e+00
5.100000e+01	-3.175000e+00	-2.058000e+00
5.150000e+01	-1.989000e+00	-8.957000e-01
5.200000e+01	-7.411000e-01	4.017000e-01
5.250000e+01	4.823000e-01	1.601000e+00
5.300000e+01	1.617000e+00	2.414000e+00
5.350000e+01	2.553000e+00	2.828000e+00
5.400000e+01	3.338000e+00	3.087000e+00
5.450000e+01	3.869000e+00	3.302000e+00
5.500000e+01	4.208000e+00	3.286000e+00
5.550000e+01	4.347000e+00	2.881000e+00
5.600000e+01	4.238000e+00	2.247000e+00
5.650000e+01	3.961000e+00	1.641000e+00
5.700000e+01	3.472000e+00	1.037000e+00
5.750000e+01	2.843000e+00	2.193000e-01
5.800000e+01	2.106000e+00	-7.935000e-01
5.850000e+01	1.281000e+00	-1.656000e+00
5.900000e+01	4.636000e-01	-2.062000e+00
5.950000e+01	-4.033000e-01	-2.034000e+00
6.000000e+01	-1.192000e+00	-1.790000e+00
6.050000e+01	-1.927000e+00	-1.493000e+00
6.100000e+01	-2.564000e+00	-1.233000e+00
6.150000e+01	-3.034000e+00	-1.081000e+00
6.200000e+01	-3.411000e+00	-9.837000e-01
6.250000e+01	-3.586000e+00	-7.247000e-01
6.300000e+01	-3.648000e+00	-1.617000e-01
6.350000e+01	-3.576000e+00	5.106000e-01
6.400000e+01	-3.328000e+00	9.101000e-01
6.450000e+01	-3.031000e+00	8.840000e-01
6.500000e+01	-2.608000e+00	6.292000e-01
6.550000e+01	-2.144000e+00	3.859000e-01
6.600000e+01	-1.646000e+00	1.954000e-01
6.650000e+01	-1.070000e+00	3.529000e-02
6.700000e+01	-4.949000e-01	1.187000e-02
6.750000e+01	1.184000e-01	2.398000e-01
6.800000e+01	7.170000e-01	6.011000e-01
6.850000e+01	1.244000e+00	8.015000e-01
6.900000e+01	1.699000e+00	6.736000e-01
6.950000e+01	2.013000e+00	3.024000e-01
7.000000e+01	2.211000e+00	-1.583000e-01
7.050000e+01	2.291000e+00	-6.637000e-01
7.100000e+01	2.253000e+00	-1.206000e+00
7.150000e+01	2.154000e+00	-1.660000e+00
7.200000e+01	2.004000e+00	-1.821000e+00
7.250000e+01	1.857000e+00	-1.578000e+00
7.300000e+01	1.721000e+00	-1.018000e+00
7.350000e+01	1.578000e+00	-3.423000e-01
7.400000e+01	1.423000e+00	2.891000e-01
7.450000e+01	1.231000e+00	8.309000e-01
7.500000e+01	9.987000e-01	1.303000e+00
7.550000e+01	7.109000e-01	1.676000e+00
7.600000e+01	3.597000e-01	1.827000e+00
7.650000e+01	-3.896000e-02	1.635000e+00
7.700000e+01	-4.606000e-01	1.128000e+00
7.750000e+01	-8.788000e-01	5.064000e-01
7.800000e+01	-1.271000e+00	1.670000e-02
7.850000e+01	-1.623000e+00	-1.848000e-01
7.900000e+01	-1.906000e+00	-7.143000e-02
7.950000e+01	-2.110000e+00	2.522000e-01
8.000000e+01	-2.243000e+00	5.597000e-01
8.050000e+01	-2.318000e+00	6.201000e-01
8.100000e+01	-2.357000e+00	3.971000e-01
8.150000e+01	-2.361000e+00	6.834000e-02
8.200000e+01	-2.332000e+00	-2.291000e-01
8.250000e+01	-2.255000e+00	-5.805000e-01
8.300000e+01	-2.109000e+00	-1.070000e+00
8.350000e+01	-1.873000e+00	-1.452000e+00
8.400000e+01	-1.536000e+00	-1.307000e+00
8.450000e+01	-1.118000e+00	-5.976000e-01
8.500000e+01	-6.558000e-01	1.638000e-01
8.550000e+01	-1.931000e-01	4.715000e-01
8.600000e+01	2.336000e-01	3.700000e-01
8.650000e+01	5.947000e-01	2.144000e-01
8.700000e+01	8.788000e-01	5.750000e-02
8.750000e+01	1.083000e+00	-3.697000e-01
8.800000e+01	1.223000e+00	-1.079000e+00
8.850000e+01	1.312000e+00	-1.626000e+00
8.900000e+01	1.367000e+00	-1.663000e+00
8.950000e+01	1.406000e+00	-1.400000e+00
9.000000e+01	1.429000e+00	-1.242000e+00
9.050000e+01	1.441000e+00	-1.193000e+00
9.100000e+01	1.450000e+00	-9.725000e-01
9.150000e+01	1.465000e+00	-5.847000e-01
9.200000e+01	1.489000e+00	-3.299000e-01
9.250000e+01	1.523000e+00	-1.923000e-01
9.300000e+01	1.557000e+00	3.241000e-01
9.350000e+01	1.582000e+00	1.492000e+00
9.400000e+01	1.591000e+00	2.808000e+00
9.450000e+01	1.560000e+00	3.493000e+00
9.500000e+01	1.460000e+00	3.385000e+00
9.550000e+01	1.270000e+00	2.976000e+00
9.600000e+01	9.851000e-01	2.668000e+00
9.650000e+01	6.057000e-01	2.370000e+00
9.700000e+01	1.371000e-01	1.888000e+00
9.750000e+01	-3.981000e-01	1.298000e+00
9.800000e+01	-9.617000e-01	7.303000e-01
9.850000e+01	-1.529000e+00	9.905000e-02
9.900000e+01	-2.080000e+00	-6.734000e-01
9.950000e+01	-2.594000e+00	-1.338000e+00
1.000000e+02	-3.058000e+00	-1.566000e+00
1.005000e+02	-3.440000e+00	-1.454000e+00
1.010000e+02	-3.717000e+00	-1.471000e+00
1.015000e+02	-3.875000e+00	-1.869000e+00
1.020000e+02	-3.905000e+00	-2.411000e+00
1.025000e+02	-3.809000e+00	-2.767000e+00
1.030000e+02	-3.570000e+00	-2.926000e+00
1.035000e+02	-3.166000e+00	-3.048000e+00
1.040000e+02	-2.633000e+00	-3.117000e+00
1.045000e+02	-1.927000e+00	-2.962000e+00
1.050000e+02	-1.051000e+00	-2.541000e+00
1.055000e+02	-6.297000e-02	-1.988000e+00
1.060000e+02	1.061000e+00	-1.372000e+00
1.065000e+02	2.188000e+00	-5.647000e-01
1.070000e+02	3.301000e+00	5.808000e-01
1.075000e+02	4.350000e+00	2.016000e+00
1.080000e+02	5.232000e+00	3.471000e+00
1.085000e+02	5.944000e+00	4.574000e+00
1.090000e+02	6.395000e+00	5.029000e+00
1.095000e+02	6.582000e+00	4.784000e+00
1.100000e+02	6.501000e+00	4.085000e+00
1.105000e+02	6.120000e+00	3.289000e+00
1.110000e+02	5.509000e+00	2.587000e+00
1.115000e+02	4.675000e+00	1.956000e+00
1.120000e+02	3.643000e+00	1.325000e+00
1.125000e+02	2.461000e+00	6.744000e-01
1.130000e+02	1.141000e+00	-3.560000e-02
1.135000e+02	-2.395000e-01	-8.841000e-01
1.140000e+02	-1.625000e+00	-1.851000e+00
1.145000e+02	-3.001000e+00	-2.764000e+00
1.150000e+02	-4.217000e+00	-3.455000e+00
1.155000e+02	-5.244000e+00	-3.883000e+00
1.160000e+02	-6.006000e+00	-4.007000e+00
1.165000e+02	-6.442000e+00	-3.676000e+00
1.170000e+02	-6.500000e+00	-2.825000e+00
1.175000e+02	-6.215000e+00	-1.719000e+00
1.180000e+02	-5.566000e+00	-8.100000e-01
1.185000e+02	-4.681000e+00	-3.232000e-01
1.190000e+02	-3.636000e+00	-1.239000e-01
1.195000e+02	-2.431000e+00	9.393000e-03
1.200000e+02	-1.208000e+00	1.781000e-01
1.205000e+02	6.469000e-02	4.719000e-01
1.210000e+02	1.344000e+00	1.052000e+00
1.215000e+02	2.517000e+00	1.935000e+00
1.220000e+02	3.643000e+00	2.815000e+00
1.225000e+02	4.588000e+00	3.287000e+00
1.230000e+02	5.328000e+00	3.252000e+00
1.235000e+02	5.834000e+00	2.946000e+00
1.240000e+02	6.023000e+00	2.603000e+00
1.245000e+02	5.954000e+00	2.214000e+00
1.250000e+02	5.572000e+00	1.632000e+00
1.255000e+02	4.902000e+00	7.677000e-01
1.260000e+02	3.982000e+00	-3.316000e-01
1.265000e+02	2.861000e+00	-1.500000e+00
1.270000e+02	1.616000e+00	-2.521000e+00
1.275000e+02	3.236000e-01	-3.276000e+00
1.280000e+02	-9.129000e-01	-3.833000e+00
1.285000e+02	-2.025000e+00	-4.262000e+00
1.290000e+02	-2.919000e+00	-4.360000e+00
1.295000e+02	-3.541000e+00	-3.763000e+00
1.300000e+02	-3.931000e+00	-2.419000e+00
1.305000e+02	-4.042000e+00	-7.800000e-01
1.310000e+02	-3.950000e+00	6.289000e-01
1.315000e+02	-3.684000e+00	1.695000e+00
1.320000e+02	-3.268000e+00	2.592000e+00
1.325000e+02	-2.817000e+00	3.290000e+00
1.330000e+02	-2.324000e+00	3.486000e+00
1.335000e+02	-1.848000e+00	3.064000e+00
1.340000e+02	-1.399000e+00	2.347000e+00
1.345000e+02	-9.443000e-01	1.754000e+00
1.350000e+02	-5.217000e-01	1.396000e+00
1.355000e+02	-1.027000e-01	1.149000e+00
1.360000e+02	2.832000e-01	9.508000e-01
1.365000e+02	6.154000e-01	8.330000e-01
1.370000e+02	9.025000e-01	7.368000e-01
1.375000e+02	1.084000e+00	5.302000e-01
1.380000e+02	1.143000e+00	1.776000e-01
1.385000e+02	1.058000e+00	-2.903000e-01
1.390000e+02	8.041000e-01	-9.576000e-01
1.395000e+02	4.652000e-01	-1.946000e+00
1.400000e+02	4.770000e-02	-3.090000e+00
1.405000e+02	-3.824000e-01	-3.916000e+00
1.410000e+02	-7.251000e-01	-4.080000e+00
1.415000e+02	-9.942000e-01	-3.720000e+00
1.420000e+02	-1.070000e+00	-3.201000e+00
1.425000e+02	-1.008000e+00	-2.629000e+00
1.430000e+02	-7.957000e-01	-1.804000e+00
1.435000e+02	-4.316000e-01	-6.265000e-01
1.440000e+02	-3.758000e-02	6.973000e-01
1.445000e+02	4.110000e-01	1.904000e+00
1.450000e+02	8.238000e-01	2.944000e+00
1.455000e+02	1.167000e+00	3.878000e+00
1.460000e+02	1.443000e+00	4.624000e+00
1.465000e+02	1.553000e+00	4.960000e+00
1.470000e+02	1.499000e+00	4.744000e+00
1.475000e+02	1.244000e+00	3.985000e+00
1.480000e+02	7.949000e-01	2.735000e+00
1.485000e+02	2.156000e-01	1.048000e+00
1.490000e+02	-4.949000e-01	-8.694000e-01
1.495000e+02	-1.246000e+00	-2.581000e+00
1.500000e+02	-1.967000e+00	-3.614000e+00
1.505000e+02	-2.591000e+00	-3.775000e+00
1.510000e+02	-3.020000e+00	-3.252000e+00
1.515000e+02	-3.238000e+00	-2.433000e+00
1.520000e+02	-3.242000e+00	-1.643000e+00
1.525000e+02	-3.089000e+00	-1.034000e+00
1.530000e+02	-2.837000e+00	-6.417000e-01
1.535000e+02	-2.492000e+00	-4.552000e-01
1.540000e+02	-2.083000e+00	-4.264000e-01
1.545000e+02	-1.607000e+00	-4.440000e-01
1.550000e+02	-1.065000e+00	-3.713000e-01
1.555000e+02	-4.816000e-01	-1.508000e-01
1.560000e+02	1.428000e-01	1.485000e-01
1.565000e+02	7.759000e-01	4.332000e-01
1.570000e+02	1.389000e+00	7.254000e-01
1.575000e+02	1.956000e+00	1.131000e+00
1.580000e+02	2.435000e+00	1.626000e+00
1.585000e+02	2.813000e+00	1.951000e+00
1.590000e+02	3.066000e+00	1.810000e+00
1.595000e+02	3.186000e+00	1.217000e+00
1.600000e+02	3.174000e+00	5.466000e-01
1.605000e+02	3.028000e+00	1.978000e-01
1.610000e+02	2.774000e+00	2.322000e-01
1.615000e+02	2.422000e+00	3.962000e-01
1.620000e+02	1.988000e+00	4.432000e-01
1.625000e+02	1.480000e+00	3.420000e-01
1.630000e+02	8.952000e-01	1.688000e-01
1.635000e+02	2.413000e-01	-9.043000e-02
1.640000e+02	-4.742000e-01	-5.245000e-01
1.645000e+02	-1.219000e+00	-1.111000e+00
1.650000e+02	-1.947000e+00	-1.642000e+00
1.655000e+02	-2.602000e+00	-1.889000e+00
1.660000e+02	-3.136000e+00	-1.815000e+00
1.665000e+02	-3.514000e+00	-1.594000e+00
1.670000e+02	-3.720000e+00	-1.409000e+00
1.675000e+02	-3.751000e+00	-1.264000e+00
1.680000e+02	-3.619000e+00	-1.024000e+00
1.685000e+02	-3.336000e+00	-6.195000e-01
1.690000e+02	-2.915000e+00	-1.923000e-01
1.695000e+02	-2.363000e+00	4.547000e-02
1.700000e+02	-1.685000e+00	9.806000e-02
1.705000e+02	-9.123000e-01	2.626000e-01
1.710000e+02	-7.788000e-02	8.453000e-01
1.715000e+02	7.573000e-01	1.818000e+00
1.720000e+02	1.526000e+00	2.829000e+00
1.725000e+02	2.169000e+00	3.546000e+00
1.730000e+02	2.630000e+00	3.878000e+00
1.735000e+02	2.871000e+00	3.820000e+00
1.740000e+02	2.872000e+00	3.255000e+00
1.745000e+02	2.640000e+00	2.079000e+00
1.750000e+02	2.201000e+00	5.022000e-01
1.755000e+02	1.597000e+00	-9.819000e-01
1.760000e+02	8.848000e-01	-1.997000e+00
1.765000e+02	1.268000e-01	-2.575000e+00
1.770000e+02	-5.960000e-01	-2.971000e+00
1.775000e+02	-1.215000e+00	-3.312000e+00
1.780000e+02	-1.685000e+00	-3.520000e+00
1.785000e+02	-1.995000e+00	-3.512000e+00
1.790000e+02	-2.102000e+00	-3.268000e+00
1.795000e+02	-2.069000e+00	-2.720000e+00
1.800000e+02	-1.844000e+00	-1.757000e+00
1.805000e+02	-1.500000e+00	-4.587000e-01
1.810000e+02	-1.112000e+00	7.872000e-01
1.815000e+02	-6.465000e-01	1.533000e+00
1.820000e+02	-2.525000e-01	1.634000e+00
1.825000e+02	1.377000e-01	1.302000e+00
1.830000e+02	5.012000e-01	8.682000e-01
1.835000e+02	7.842000e-01	5.953000e-01
1.840000e+02	1.113000e+00	6.368000e-01
1.845000e+02	1.399000e+00	9.910000e-01
1.850000e+02	1.701000e+00	1.426000e+00
1.855000e+02	2.003000e+00	1.615000e+00
1.860000e+02	2.216000e+00	1.478000e+00
1.865000e+02	2.381000e+00	1.306000e+00
1.870000e+02	2.411000e+00	1.405000e+00
1.875000e+02	2.334000e+00	1.674000e+00
1.880000e+02	2.171000e+00	1.701000e+00
1.885000e+02	1.872000e+00	1.299000e+00
1.890000e+02	1.500000e+00	7.756000e-01
1.895000e+02	1.007000e+00	5.266000e-01
1.900000e+02	4.192000e-01	5.058000e-01
1.905000e+02	-2.305000e-01	2.665000e-01
1.910000e+02	-9.517000e-01	-4.847000e-01
1.915000e+02	-1.665000e+00	-1.544000e+00
1.920000e+02	-2.362000e+00	-2.464000e+00
1.925000e+02	-2.985000e+00	-2.999000e+00
1.930000e+02	-3.468000e+00	-3.178000e+00
1.935000e+02	-3.785000e+00	-3.051000e+00
1.940000e+02	-3.875000e+00	-2.569000e+00
1.945000e+02	-3.742000e+00	-1.755000e+00
1.950000e+02	-3.414000e+00	-8.415000e-01
1.955000e+02	-2.933000e+00	-1.092000e-01
1.960000e+02	-2.356000e+00	3.551000e-01
1.965000e+02	-1.704000e+00	6.570000e-01
1.970000e+02	-1.007000e+00	8.957000e-01
1.975000e+02	-3.085000e-01	1.059000e+00
1.980000e+02	3.634000e-01	1.109000e+00
1.985000e+02	9.701000e-01	1.067000e+00
1.990000e+02	1.512000e+00	9.766000e-01
1.995000e+02	1.985000e+00	8.435000e-01
2.000000e+02	2.383000e+00	6.677000e-01
2.005000e+02	2.705000e+00	4.838000e-01
2.010000e+02	2.933000e+00	3.348000e-01
2.015000e+02	3.078000e+00	2.502000e-01
2.020000e+02	3.142000e+00	2.883000e-01
2.025000e+02	3.121000e+00	5.288000e-01
2.030000e+02	3.005000e+00	9.328000e-01
2.035000e+02	2.777000e+00	1.260000e+00
2.040000e+02	2.436000e+00	1.250000e+00
2.045000e+02	1.985000e+00	9.143000e-01
2.050000e+02	1.433000e+00	5.367000e-01
2.055000e+02	7.937000e-01	3.374000e-01
2.060000e+02	9.171000e-02	2.227000e-01
2.065000e+02	-6.454000e-01	-5.514000e-02
2.070000e+02	-1.384000e+00	-5.700000e-01
2.075000e+02	-2.089000e+00	-1.148000e+00
2.080000e+02	-2.724000e+00	-1.571000e+00
2.085000e+02	-3.257000e+00	-1.748000e+00
2.090000e+02	-3.656000e+00	-1.705000e+00
2.095000e+02	-3.898000e+00	-1.525000e+00
2.100000e+02	-3.965000e+00	-1.305000e+00
2.105000e+02	-3.849000e+00	-1.072000e+00
2.110000e+02	-3.572000e+00	-7.094000e-01
2.115000e+02	-3.162000e+00	-1.051000e-01
2.120000e+02	-2.653000e+00	5.876000e-01
2.125000e+02	-2.068000e+00	9.738000e-01
2.130000e+02	-1.426000e+00	8.242000e-01
2.135000e+02	-7.563000e-01	3.746000e-01
2.140000e+02	-8.869000e-02	7.880000e-02
2.145000e+02	5.473000e-01	1.045000e-01
2.150000e+02	1.139000e+00	2.270000e-01
2.155000e+02	1.682000e+00	2.052000e-01
2.160000e+02	2.180000e+00	7.100000e-02
2.165000e+02	2.629000e+00	-8.799000e-03
2.170000e+02	3.016000e+00	2.779000e-02
2.175000e+02	3.316000e+00	1.592000e-01
2.180000e+02	3.508000e+00	4.083000e-01
2.185000e+02	3.585000e+00	7.799000e-01
2.190000e+02	3.546000e+00	1.129000e+00
2.195000e+02	3.394000e+00	1.265000e+00
2.200000e+02	3.115000e+00	1.171000e+00
2.205000e+02	2.707000e+00	9.903000e-01
2.210000e+02	2.180000e+00	7.850000e-01
2.215000e+02	1.563000e+00	4.801000e-01
2.220000e+02	8.807000e-01	9.336000e-02
2.225000e+02	1.562000e-01	-1.584000e-01
2.230000e+02	-5.860000e-01	-1.139000e-01
2.235000e+02	-1.326000e+00	6.730000e-02
2.240000e+02	-2.047000e+00	3.468000e-02
2.245000e+02	-2.742000e+00	-3.858000e-01
2.250000e+02	-3.389000e+00	-1.060000e+00
2.255000e+02	-3.955000e+00	-1.745000e+00
2.260000e+02	-4.393000e+00	-2.294000e+00
2.265000e+02	-4.658000e+00	-2.651000e+00
2.270000e+02	-4.706000e+00	-2.782000e+00
2.275000e+02	-4.504000e+00	-2.645000e+00
2.280000e+02	-4.009000e+00	-2.201000e+00
2.285000e+02	-3.286000e+00	-1.438000e+00
2.290000e+02	-2.377000e+00	-4.380000e-01
2.295000e+02	-1.344000e+00	5.787000e-01
2.300000e+02	-3.045000e-01	1.374000e+00
2.305000e+02	7.517000e-01	1.878000e+00
2.310000e+02	1.740000e+00	2.190000e+00
2.315000e+02	2.597000e+00	2.386000e+00
2.320000e+02	3.347000e+00	2.445000e+00
2.325000e+02	3.922000e+00	2.393000e+00
2.330000e+02	4.364000e+00	2.381000e+00
2.335000e+02	4.651000e+00	2.482000e+00
2.340000e+02	4.761000e+00	2.537000e+00
2.345000e+02	4.712000e+00	2.333000e+00
2.350000e+02	4.440000e+00	1.879000e+00
2.355000e+02	3.961000e+00	1.350000e+00
2.360000e+02	3.282000e+00	8.063000e-01
2.365000e+02	2.399000e+00	1.503000e-01
2.370000e+02	1.389000e+00	-6.463000e-01
2.375000e+02	2.631000e-01	-1.484000e+00
2.380000e+02	-9.431000e-01	-2.346000e+00
2.385000e+02	-2.100000e+00	-3.332000e+00
2.390000e+02	-3.191000e+00	-4.363000e+00
2.395000e+02	-4.085000e+00	-5.044000e+00
2.400000e+02	-4.681000e+00	-5.039000e+00
2.405000e+02	-4.967000e+00	-4.457000e+00
2.410000e+02	-4.841000e+00	-3.640000e+00
2.415000e+02	-4.375000e+00	-2.673000e+00
2.420000e+02	-3.634000e+00	-1.364000e+00
2.425000e+02	-2.682000e+00	2.781000e-01
2.430000e+02	-1.666000e+00	1.832000e+00
2.435000e+02	-6.015000e-01	2.854000e+00
2.440000e+02	4.026000e-01	3.273000e+00
2.445000e+02	1.361000e+00	3.273000e+00
2.450000e+02	2.213000e+00	3.009000e+00
2.455000e+02	2.944000e+00	2.612000e+00
2.460000e+02	3.573000e+00	2.322000e+00
2.465000e+02	4.045000e+00	2.328000e+00
2.470000e+02	4.426000e+00	2.518000e+00
2.475000e+02	4.675000e+00	2.621000e+00
2.480000e+02	4.766000e+00	2.559000e+00
2.485000e+02	4.690000e+00	2.447000e+00
2.490000e+02	4.383000e+00	2.254000e+00
2.495000e+02	3.836000e+00	1.725000e+00
2.500000e+02	3.079000e+00	7.636000e-01
2.505000e+02	2.075000e+00	-3.785000e-01
2.510000e+02	9.151000e-01	-1.448000e+00
2.515000e+02	-3.325000e-01	-2.512000e+00
2.520000e+02	-1.609000e+00	-3.658000e+00
2.525000e+02	-2.764000e+00	-4.524000e+00
2.530000e+02	-3.746000e+00	-4.501000e+00
2.535000e+02	-4.468000e+00	-3.480000e+00
2.540000e+02	-4.938000e+00	-2.120000e+00
2.545000e+02	-5.160000e+00	-1.199000e+00
2.550000e+02	-5.112000e+00	-8.850000e-01
2.555000e+02	-4.898000e+00	-8.266000e-01
2.560000e+02	-4.424000e+00	-7.719000e-01
2.565000e+02	-3.826000e+00	-8.058000e-01
2.570000e+02	-3.064000e+00	-9.762000e-01
2.575000e+02	-2.153000e+00	-9.919000e-01
2.580000e+02	-1.162000e+00	-4.989000e-01
2.585000e+02	-2.256000e-02	4.407000e-01
2.590000e+02	1.080000e+00	1.330000e+00
2.595000e+02	2.166000e+00	1.722000e+00
2.600000e+02	3.179000e+00	1.609000e+00
2.605000e+02	4.061000e+00	1.328000e+00
2.610000e+02	4.882000e+00	1.195000e+00
2.615000e+02	5.541000e+00	1.330000e+00
2.620000e+02	6.079000e+00	1.732000e+00
2.625000e+02	6.476000e+00	2.361000e+00
2.630000e+02	6.671000e+00	3.073000e+00
2.635000e+02	6.681000e+00	3.594000e+00
2.640000e+02	6.408000e+00	3.676000e+00
2.645000e+02	5.850000e+00	3.254000e+00
2.650000e+02	5.002000e+00	2.417000e+00
2.655000e+02	3.869000e+00	1.288000e+00
2.660000e+02	2.537000e+00	7.250000e-03
2.665000e+02	1.030000e+00	-1.190000e+00
2.670000e+02	-5.571000e-01	-2.081000e+00
2.675000e+02	-2.140000e+00	-2.672000e+00
2.680000e+02	-3.625000e+00	-3.194000e+00
2.685000e+02	-4.881000e+00	-3.784000e+00
2.690000e+02	-5.865000e+00	-4.256000e+00
2.695000e+02	-6.472000e+00	-4.316000e+00
2.700000e+02	-6.749000e+00	-3.915000e+00
2.705000e+02	-6.607000e+00	-3.276000e+00
2.710000e+02	-6.095000e+00	-2.600000e+00
2.715000e+02	-5.264000e+00	-1.914000e+00
2.720000e+02	-4.105000e+00	-1.195000e+00
2.725000e+02	-2.787000e+00	-4.747000e-01
2.730000e+02	-1.346000e+00	2.312000e-01
2.735000e+02	1.008000e-01	9.919000e-01
2.740000e+02	1.473000e+00	1.851000e+00
2.745000e+02	2.732000e+00	2.729000e+00
2.750000e+02	3.848000e+00	3.487000e+00
2.755000e+02	4.730000e+00	4.020000e+00
2.760000e+02	5.380000e+00	4.208000e+00
2.765000e+02	5.766000e+00	3.937000e+00
2.770000e+02	5.881000e+00	3.272000e+00
2.775000e+02	5.746000e+00	2.523000e+00
2.780000e+02	5.336000e+00	1.941000e+00
2.785000e+02	4.711000e+00	1.392000e+00
2.790000e+02	3.854000e+00	5.248000e-01
2.795000e+02	2.857000e+00	-6.898000e-01
2.800000e+02	1.747000e+00	-1.777000e+00
2.805000e+02	5.553000e-01	-2.226000e+00
2.810000e+02	-5.927000e-01	-2.019000e+00
2.815000e+02	-1.745000e+00	-1.595000e+00
2.820000e+02	-2.795000e+00	-1.396000e+00
2.825000e+02	-3.716000e+00	-1.525000e+00
2.830000e+02	-4.509000e+00	-1.798000e+00
2.835000e+02	-5.106000e+00	-1.978000e+00
2.840000e+02	-5.530000e+00	-1.985000e+00
2.845000e+02	-5.735000e+00	-1.939000e+00
2.850000e+02	-5.708000e+00	-1.986000e+00
2.855000e+02	-5.393000e+00	-2.057000e+00
2.860000e+02	-4.814000e+00	-1.886000e+00
2.865000e+02	-3.999000e+00	-1.326000e+00
2.870000e+02	-2.982000e+00	-5.515000e-01
2.875000e+02	-1.840000e+00	1.847000e-01
2.880000e+02	-5.987000e-01	8.843000e-01
2.885000e+02	6.677000e-01	1.700000e+00
2.890000e+02	1.878000e+00	2.567000e+00
2.895000e+02	2.986000e+00	3.189000e+00
2.900000e+02	3.910000e+00	3.430000e+00
2.905000e+02	4.621000e+00	3.466000e+00
2.910000e+02	5.079000e+00	3.443000e+00
2.915000e+02	5.268000e+00	3.193000e+00
2.920000e+02	5.202000e+00	2.498000e+00
2.925000e+02	4.862000e+00	1.443000e+00
2.930000e+02	4.279000e+00	3.225000e-01
2.935000e+02	3.490000e+00	-7.184000e-01
2.940000e+02	2.550000e+00	-1.685000e+00
2.945000e+02	1.534000e+00	-2.475000e+00
2.950000e+02	4.956000e-01	-2.906000e+00
2.955000e+02	-4.883000e-01	-3.016000e+00
2.960000e+02	-1.358000e+00	-3.053000e+00
2.965000e+02	-2.088000e+00	-3.064000e+00
2.970000e+02	-2.660000e+00	-2.760000e+00
2.975000e+02	-3.043000e+00	-1.944000e+00
2.980000e+02	-3.253000e+00	-8.746000e-01
2.985000e+02	-3.292000e+00	3.480000e-03
2.990000e+02	-3.187000e+00	5.260000e-01
2.995000e+02	-2.980000e+00	7.906000e-01
3.000000e+02	-2.680000e+00	8.216000e-01
3.005000e+02	-2.282000e+00	5.639000e-01
3.010000e+02	-1.804000e+00	1.960000e-01
3.015000e+02	-1.270000e+00	1.276000e-01
3.020000e+02	-6.571000e-01	5.660000e-01
3.025000e+02	-8.967000e-03	1.274000e+00
3.030000e+02	6.703000e-01	1.863000e+00
3.035000e+02	1.326000e+00	2.154000e+00
3.040000e+02	1.905000e+00	2.154000e+00
3.045000e+02	2.382000e+00	1.860000e+00
3.050000e+02	2.719000e+00	1.321000e+00
3.055000e+02	2.910000e+00	7.810000e-01
3.060000e+02	2.948000e+00	5.249000e-01
3.065000e+02	2.842000e+00	5.551000e-01
3.070000e+02	2.604000e+00	5.684000e-01
3.075000e+02	2.242000e+00	2.843000e-01
3.080000e+02	1.774000e+00	-3.069000e-01
3.085000e+02	1.221000e+00	-1.007000e+00
3.090000e+02	5.897000e-01	-1.575000e+00
3.095000e+02	-8.256000e-02	-1.836000e+00
3.100000e+02	-7.692000e-01	-1.781000e+00
3.105000e+02	-1.423000e+00	-1.646000e+00
3.110000e+02	-1.987000e+00	-1.732000e+00
3.115000e+02	-2.429000e+00	-2.043000e+00
3.120000e+02	-2.712000e+00	-2.189000e+00
3.125000e+02	-2.839000e+00	-1.769000e+00
3.130000e+02	-2.810000e+00	-8.064000e-01
3.135000e+02	-2.634000e+00	3.158000e-01
3.140000e+02	-2.342000e+00	1.254000e+00
3.145000e+02	-1.972000e+00	1.903000e+00
3.150000e+02	-1.577000e+00	2.222000e+00
3.155000e+02	-1.199000e+00	2.097000e+00
3.160000e+02	-8.607000e-01	1.482000e+00
3.165000e+02	-5.664000e-01	5.919000e-01
3.170000e+02	-2.968000e-01	-2.047000e-01
3.175000e+02	-2.268000e-02	-6.616000e-01
3.180000e+02	2.545000e-01	-7.728000e-01
3.185000e+02	5.359000e-01	-6.516000e-01
3.190000e+02	8.117000e-01	-4.102000e-01
3.195000e+02	1.070000e+00	-1.751000e-01
3.200000e+02	1.308000e+00	-1.036000e-01
3.205000e+02	1.510000e+00	-2.616000e-01
3.210000e+02	1.671000e+00	-4.789000e-01
3.215000e+02	1.786000e+00	-4.256000e-01
3.220000e+02	1.861000e+00	8.563000e-02
3.225000e+02	1.900000e+00	8.725000e-01
3.230000e+02	1.896000e+00	1.508000e+00
3.235000e+02	1.840000e+00	1.705000e+00
3.240000e+02	1.712000e+00	1.550000e+00
3.245000e+02	1.499000e+00	1.346000e+00
3.250000e+02	1.193000e+00	1.263000e+00
3.255000e+02	8.004000e-01	1.224000e+00
3.260000e+02	3.355000e-01	1.075000e+00
3.265000e+02	-1.884000e-01	7.836000e-01
3.270000e+02	-7.598000e-01	3.938000e-01
3.275000e+02	-1.354000e+00	-1.216000e-01
3.280000e+02	-1.947000e+00	-8.541000e-01
3.285000e+02	-2.493000e+00	-1.772000e+00
3.290000e+02	-2.945000e+00	-2.605000e+00
3.295000e+02	-3.254000e+00	-3.002000e+00
3.300000e+02	-3.387000e+00	-2.825000e+00
3.305000e+02	-3.342000e+00	-2.284000e+00
3.310000e+02	-3.105000e+00	-1.730000e+00
3.315000e+02	-2.702000e+00	-1.327000e+00
3.320000e+02	-2.178000e+00	-9.364000e-01
3.325000e+02	-1.538000e+00	-3.730000e-01
3.330000e+02	-9.026000e-01	2.898000e-01
3.335000e+02	-2.550000e-01	7.687000e-01
3.340000e+02	3.662000e-01	9.187000e-01
3.345000e+02	9.210000e-01	9.109000e-01
3.350000e+02	1.454000e+00	9.883000e-01
3.355000e+02	1.888000e+00	1.144000e+00
3.360000e+02	2.241000e+00	1.170000e+00
3.365000e+02	2.500000e+00	9.811000e-01
3.370000e+02	2.643000e+00	7.195000e-01
3.375000e+02	2.720000e+00	5.269000e-01
3.380000e+02	2.693000e+00	3.724000e-01
3.385000e+02	2.590000e+00	1.904000e-01
3.390000e+02	2.419000e+00	5.555000e-02
3.395000e+02	2.176000e+00	9.094000e-02
3.400000e+02	1.902000e+00	2.770000e-01
3.405000e+02	1.573000e+00	4.897000e-01
3.410000e+02	1.198000e+00	6.836000e-01
3.415000e+02	7.785000e-01	8.880000e-01
3.420000e+02	3.114000e-01	1.032000e+00
3.425000e+02	-1.695000e-01	9.508000e-01
3.430000e+02	-6.614000e-01	6.307000e-01
3.435000e+02	-1.149000e+00	3.126000e-01
3.440000e+02	-1.610000e+00	2.263000e-01
3.445000e+02	-2.041000e+00	2.999000e-01
3.450000e+02	-2.421000e+00	2.524000e-01
3.455000e+02	-2.738000e+00	-6.158000e-02
3.460000e+02	-2.989000e+00	-5.183000e-01
3.465000e+02	-3.152000e+00	-9.318000e-01
3.470000e+02	-3.222000e+00	-1.259000e+00
3.475000e+02	-3.179000e+00	-1.540000e+00
3.480000e+02	-3.013000e+00	-1.720000e+00
3.485000e+02	-2.717000e+00	-1.633000e+00
3.490000e+02	-2.291000e+00	-1.157000e+00
3.495000e+02	-1.765000e+00	-3.612000e-01
3.500000e+02	-1.183000e+00	5.037000e-01
3.505000e+02	-6.120000e-01	1.134000e+00
3.510000e+02	-1.206000e-01	1.318000e+00
3.515000e+02	2.551000e-01	1.005000e+00
3.520000e+02	4.973000e-01	2.761000e-01
3.525000e+02	6.176000e-01	-7.242000e-01
3.530000e+02	6.466000e-01	-1.828000e+00
3.535000e+02	6.282000e-01	-2.844000e+00
3.540000e+02	6.358000e-01	-3.566000e+00
3.545000e+02	7.404000e-01	-3.821000e+00
3.550000e+02	9.907000e-01	-3.522000e+00
3.555000e+02	1.387000e+00	-2.681000e+00
3.560000e+02	1.891000e+00	-1.418000e+00
3.565000e+02	2.454000e+00	6.173000e-02
3.570000e+02	3.016000e+00	1.542000e+00
3.575000e+02	3.522000e+00	2.906000e+00
3.580000e+02	3.904000e+00	4.163000e+00
3.585000e+02	4.088000e+00	5.346000e+00
3.590000e+02	4.034000e+00	6.355000e+00
3.595000e+02	3.726000e+00	6.917000e+00
3.600000e+02	3.169000e+00	6.706000e+00
3.605000e+02	2.372000e+00	5.573000e+00
3.610000e+02	1.355000e+00	3.729000e+00
3.615000e+02	1.448000e-01	1.691000e+00
3.620000e+02	-1.212000e+00	-3.585000e-02
3.625000e+02	-2.637000e+00	-1.300000e+00
3.630000e+02	-4.056000e+00	-2.310000e+00
3.635000e+02	-5.399000e+00	-3.273000e+00
3.640000e+02	-6.517000e+00	-4.112000e+00
3.645000e+02	-7.379000e+00	-4.610000e+00
3.650000e+02	-7.909000e+00	-4.761000e+00
3.655000e+02	-8.052000e+00	-4.802000e+00
3.660000e+02	-7.836000e+00	-4.907000e+00
3.665000e+02	-7.210000e+00	-4.969000e+00
3.670000e+02	-6.144000e+00	-4.774000e+00
3.675000e+02	-4.711000e+00	-4.239000e+00
3.680000e+02	-2.967000e+00	-3.377000e+00
3.685000e+02	-1.033000e+00	-2.149000e+00
3.690000e+02	9.053000e-01	-5.512000e-01
3.695000e+02	2.779000e+00	1.165000e+00
3.700000e+02	4.463000e+00	2.565000e+00
3.705000e+02	5.828000e+00	3.413000e+00
3.710000e+02	6.918000e+00	3.886000e+00
3.715000e+02	7.599000e+00	4.311000e+00
3.720000e+02	7.933000e+00	4.785000e+00
3.725000e+02	7.939000e+00	5.120000e+00
3.730000e+02	7.571000e+00	5.082000e+00
3.735000e+02	6.936000e+00	4.554000e+00
3.740000e+02	5.932000e+00	3.506000e+00
3.745000e+02	4.689000e+00	1.987000e+00
3.750000e+02	3.224000e+00	2.233000e-01
3.755000e+02	1.567000e+00	-1.382000e+00
3.760000e+02	-8.125000e-02	-2.461000e+00
3.765000e+02	-1.781000e+00	-2.901000e+00
3.770000e+02	-3.349000e+00	-2.848000e+00
3.775000e+02	-4.714000e+00	-2.528000e+00
3.780000e+02	-5.863000e+00	-2.105000e+00
3.785000e+02	-6.652000e+00	-1.679000e+00
3.790000e+02	-7.167000e+00	-1.324000e+00
3.795000e+02	-7.377000e+00	-1.105000e+00
3.800000e+02	-7.254000e+00	-1.041000e+00
3.805000e+02	-6.920000e+00	-1.050000e+00
3.810000e+02	-6.242000e+00	-9.442000e-01
3.815000e+02	-5.334000e+00	-5.275000e-01
3.820000e+02	-4.292000e+00	2.139000e-01
3.825000e+02	-3.044000e+00	1.030000e+00
3.830000e+02	-1.836000e+00	1.562000e+00
3.835000e+02	-5.766000e-01	1.623000e+00
3.840000e+02	6.367000e-01	1.326000e+00
3.845000e+02	1.708000e+00	9.465000e-01
3.850000e+02	2.709000e+00	7.071000e-01
3.855000e+02	3.486000e+00	6.730000e-01
3.860000e+02	4.095000e+00	7.628000e-01
3.865000e+02	4.503000e+00	7.801000e-01
3.870000e+02	4.654000e+00	4.814000e-01
3.875000e+02	4.637000e+00	-2.692000e-01
3.880000e+02	4.394000e+00	-1.348000e+00
3.885000e+02	4.007000e+00	-2.395000e+00
3.890000e+02	3.520000e+00	-3.016000e+00
3.895000e+02	2.940000e+00	-2.967000e+00
3.900000e+02	2.374000e+00	-2.240000e+00
3.905000e+02	1.803000e+00	-1.078000e+00
3.910000e+02	1.255000e+00	5.826000e-02
3.915000e+02	7.344000e-01	7.060000e-01
3.920000e+02	1.999000e-01	7.745000e-01
3.925000e+02	-3.054000e-01	6.828000e-01
3.930000e+02	-7.983000e-01	9.699000e-01
3.935000e+02	-1.261000e+00	1.699000e+00
3.940000e+02	-1.654000e+00	2.365000e+00
3.945000e+02	-1.984000e+00	2.468000e+00
3.950000e+02	-2.234000e+00	2.077000e+00
3.955000e+02	-2.429000e+00	1.683000e+00
3.960000e+02	-2.599000e+00	1.600000e+00
3.965000e+02	-2.749000e+00	1.692000e+00
3.970000e+02	-2.884000e+00	1.659000e+00
3.975000e+02	-2.986000e+00	1.363000e+00
3.980000e+02	-3.064000e+00	7.767000e-01
3.985000e+02	-3.142000e+00	-1.657000e-01
3.990000e+02	-3.214000e+00	-1.449000e+00
3.995000e+02	-3.270000e+00	-2.797000e+00
4.000000e+02	-3.253000e+00	-3.834000e+00
4.005000e+02	-3.086000e+00	-4.417000e+00
4.010000e+02	-2.667000e+00	-4.612000e+00
4.015000e+02	-2.014000e+00	-4.355000e+00
4.020000e+02	-1.127000e+00	-3.400000e+00
4.025000e+02	-8.742000e-02	-1.737000e+00
4.030000e+02	9.775000e-01	1.636000e-01
4.035000e+02	1.987000e+00	1.731000e+00
4.040000e+02	2.867000e+00	2.808000e+00
4.045000e+02	3.529000e+00	3.549000e+00
4.050000e+02	3.969000e+00	3.932000e+00
4.055000e+02	4.163000e+00	3.695000e+00
4.060000e+02	4.131000e+00	2.831000e+00
4.065000e+02	3.921000e+00	1.840000e+00
4.070000e+02	3.533000e+00	1.255000e+00
4.075000e+02	3.004000e+00	1.072000e+00
4.080000e+02	2.324000e+00	8.548000e-01
4.085000e+02	1.534000e+00	3.136000e-01
4.090000e+02	6.964000e-01	-4.608000e-01
4.095000e+02	-1.493000e-01	-1.280000e+00
4.100000e+02	-9.365000e-01	-2.074000e+00
4.105000e+02	-1.683000e+00	-2.727000e+00
4.110000e+02	-2.322000e+00	-2.954000e+00
4.115000e+02	-2.850000e+00	-2.544000e+00
4.120000e+02	-3.226000e+00	-1.651000e+00
4.125000e+02	-3.397000e+00	-6.754000e-01
4.130000e+02	-3.422000e+00	1.008000e-01
4.135000e+02	-3.269000e+00	6.344000e-01
4.140000e+02	-3.044000e+00	9.406000e-01
4.145000e+02	-2.732000e+00	9.970000e-01
4.150000e+02	-2.370000e+00	8.632000e-01
4.155000e+02	-2.022000e+00	7.071000e-01
4.160000e+02	-1.636000e+00	5.912000e-01
4.165000e+02	-1.265000e+00	3.413000e-01
4.170000e+02	-8.705000e-01	-2.240000e-01
4.175000e+02	-4.449000e-01	-9.661000e-01
4.180000e+02	-1.461000e-02	-1.460000e+00
4.185000e+02	4.611000e-01	-1.389000e+00
4.190000e+02	9.527000e-01	-8.258000e-01
4.195000e+02	1.454000e+00	-1.018000e-01
4.200000e+02	1.951000e+00	5.088000e-01
4.205000e+02	2.386000e+00	9.356000e-01
4.210000e+02	2.760000e+00	1.215000e+00
4.215000e+02	3.035000e+00	1.359000e+00
4.220000e+02	3.192000e+00	1.362000e+00
4.225000e+02	3.242000e+00	1.282000e+00
4.230000e+02	3.172000e+00	1.264000e+00
4.235000e+02	3.005000e+00	1.426000e+00
4.240000e+02	2.720000e+00	1.710000e+00
4.245000e+02	2.303000e+00	1.876000e+00
4.250000e+02	1.754000e+00	1.706000e+00
4.255000e+02	1.061000e+00	1.205000e+00
4.260000e+02	2.572000e-01	5.441000e-01
4.265000e+02	-6.308000e-01	-1.954000e-01
4.270000e+02	-1.555000e+00	-1.112000e+00
4.275000e+02	-2.444000e+00	-2.243000e+00
4.280000e+02	-3.235000e+00	-3.323000e+00
4.285000e+02	-3.855000e+00	-3.967000e+00
4.290000e+02	-4.225000e+00	-4.099000e+00
4.295000e+02	-4.285000e+00	-4.013000e+00
4.300000e+02	-4.043000e+00	-3.932000e+00
4.305000e+02	-3.436000e+00	-3.638000e+00
4.310000e+02	-2.593000e+00	-2.716000e+00
4.315000e+02	-1.554000e+00	-1.101000e+00
4.320000e+02	-4.475000e-01	8.124000e-01
4.325000e+02	6.104000e-01	2.599000e+00
4.330000e+02	1.550000e+00	4.106000e+00
4.335000e+02	2.294000e+00	5.267000e+00
4.340000e+02	2.777000e+00	5.831000e+00
4.345000e+02	2.969000e+00	5.533000e+00
4.350000e+02	2.888000e+00	4.467000e+00
4.355000e+02	2.556000e+00	3.067000e+00
4.360000e+02	2.020000e+00	1.699000e+00
4.365000e+02	1.305000e+00	4.358000e-01
4.370000e+02	4.611000e-01	-7.637000e-01
4.375000e+02	-4.404000e-01	-1.844000e+00
4.380000e+02	-1.367000e+00	-2.721000e+00
4.385000e+02	-2.159000e+00	-3.385000e+00
4.390000e+02	-2.817000e+00	-3.791000e+00
4.395000e+02	-3.286000e+00	-3.765000e+00
4.400000e+02	-3.533000e+00	-3.220000e+00
4.405000e+02	-3.613000e+00	-2.373000e+00
4.410000e+02	-3.459000e+00	-1.560000e+00
4.415000e+02	-3.140000e+00	-8.384000e-01
4.420000e+02	-2.642000e+00	-5.992000e-03
4.425000e+02	-2.046000e+00	9.553000e-01
4.430000e+02	-1.409000e+00	1.703000e+00
4.435000e+02	-7.284000e-01	1.951000e+00
4.440000e+02	-1.118000e-01	1.870000e+00
4.445000e+02	4.710000e-01	1.869000e+00
4.450000e+02	9.634000e-01	2.083000e+00
4.455000e+02	1.336000e+00	2.283000e+00
4.460000e+02	1.616000e+00	2.223000e+00
4.465000e+02	1.757000e+00	1.849000e+00
4.470000e+02	1.797000e+00	1.181000e+00
4.475000e+02	1.717000e+00	2.519000e-01
4.480000e+02	1.494000e+00	-7.237000e-01
4.485000e+02	1.145000e+00	-1.377000e+00
4.490000e+02	7.170000e-01	-1.573000e+00
4.495000e+02	2.120000e-01	-1.646000e+00
4.500000e+02	-2.902000e-01	-2.035000e+00
4.505000e+02	-7.644000e-01	-2.745000e+00
4.510000e+02	-1.168000e+00	-3.329000e+00
4.515000e+02	-1.441000e+00	-3.388000e+00
4.520000e+02	-1.595000e+00	-2.885000e+00
4.525000e+02	-1.543000e+00	-1.957000e+00
4.530000e+02	-1.347000e+00	-6.795000e-01
4.535000e+02	-1.032000e+00	8.615000e-01
4.540000e+02	-6.104000e-01	2.386000e+00
4.545000e+02	-2.441000e-01	3.524000e+00
4.550000e+02	8.028000e-02	4.085000e+00
4.555000e+02	2.815000e-01	4.134000e+00
4.560000e+02	3.425000e-01	3.830000e+00
4.565000e+02	3.173000e-01	3.290000e+00
4.570000e+02	1.430000e-01	2.587000e+00
4.575000e+02	-1.389000e-01	1.777000e+00
4.580000e+02	-5.265000e-01	8.734000e-01
4.585000e+02	-1.020000e+00	-1.452000e-01
4.590000e+02	-1.538000e+00	-1.284000e+00
4.595000e+02	-2.057000e+00	-2.498000e+00
4.600000e+02	-2.489000e+00	-3.671000e+00
4.605000e+02	-2.782000e+00	-4.578000e+00
4.610000e+02	-2.899000e+00	-4.897000e+00
4.615000e+02	-2.733000e+00	-4.408000e+00
4.620000e+02	-2.352000e+00	-3.261000e+00
4.625000e+02	-1.726000e+00	-1.925000e+00
4.630000e+02	-9.415000e-01	-7.841000e-01
4.635000e+02	-1.505000e-01	1.784000e-01
4.640000e+02	6.794000e-01	1.192000e+00
4.645000e+02	1.360000e+00	2.242000e+00
4.650000e+02	1.926000e+00	2.951000e+00
4.655000e+02	2.377000e+00	2.996000e+00
4.660000e+02	2.640000e+00	2.526000e+00
4.665000e+02	2.846000e+00	2.033000e+00
4.670000e+02	2.901000e+00	1.830000e+00
4.675000e+02	2.841000e+00	1.767000e+00
4.680000e+02	2.707000e+00	1.521000e+00
4.685000e+02	2.450000e+00	1.048000e+00
4.690000e+02	2.177000e+00	6.400000e-01
4.695000e+02	1.824000e+00	5.494000e-01
4.700000e+02	1.370000e+00	6.844000e-01
4.705000e+02	8.642000e-01	7.401000e-01
4.710000e+02	2.317000e-01	5.286000e-01
4.715000e+02	-4.609000e-01	8.813000e-02
4.720000e+02	-1.183000e+00	-4.737000e-01
4.725000e+02	-1.964000e+00	-1.108000e+00
4.730000e+02	-2.708000e+00	-1.786000e+00
4.735000e+02	-3.418000e+00	-2.443000e+00
4.740000e+02	-4.020000e+00	-3.014000e+00
4.745000e+02	-4.452000e+00	-3.427000e+00
4.750000e+02	-4.673000e+00	-3.542000e+00
4.755000e+02	-4.641000e+00	-3.195000e+00
4.760000e+02	-4.372000e+00	-2.420000e+00
4.765000e+02	-3.843000e+00	-1.518000e+00
4.770000e+02	-3.121000e+00	-7.726000e-01
4.775000e+02	-2.247000e+00	-1.585000e-01
4.780000e+02	-1.268000e+00	5.204000e-01
4.785000e+02	-2.557000e-01	1.242000e+00
4.790000e+02	7.858000e-01	1.729000e+00
4.795000e+02	1.802000e+00	1.837000e+00
4.800000e+02	2.764000e+00	1.788000e+00
4.805000e+02	3.656000e+00	1.886000e+00
4.810000e+02	4.409000e+00	2.197000e+00
4.815000e+02	5.018000e+00	2.635000e+00
4.820000e+02	5.422000e+00	3.207000e+00
4.825000e+02	5.604000e+00	3.888000e+00
4.830000e+02	5.541000e+00	4.333000e+00
4.835000e+02	5.179000e+00	4.036000e+00
4.840000e+02	4.520000e+00	2.888000e+00
4.845000e+02	3.553000e+00	1.344000e+00
4.850000e+02	2.346000e+00	-7.168000e-02
4.855000e+02	9.876000e-01	-1.282000e+00
4.860000e+02	-4.248000e-01	-2.526000e+00
4.865000e+02	-1.785000e+00	-3.850000e+00
4.870000e+02	-2.997000e+00	-4.944000e+00
4.875000e+02	-3.978000e+00	-5.449000e+00
4.880000e+02	-4.601000e+00	-5.251000e+00
4.885000e+02	-4.920000e+00	-4.473000e+00
4.890000e+02	-4.863000e+00	-3.355000e+00
4.895000e+02	-4.487000e+00	-2.177000e+00
4.900000e+02	-3.877000e+00	-1.134000e+00
4.905000e+02	-3.024000e+00	-2.140000e-01
4.910000e+02	-2.135000e+00	7.110000e-01
4.915000e+02	-1.207000e+00	1.613000e+00
4.920000e+02	-2.889000e-01	2.226000e+00
4.925000e+02	5.287000e-01	2.314000e+00
4.930000e+02	1.367000e+00	1.960000e+00
4.935000e+02	2.072000e+00	1.474000e+00
4.940000e+02	2.720000e+00	1.116000e+00
4.945000e+02	3.315000e+00	9.922000e-01
4.950000e+02	3.774000e+00	1.159000e+00
4.955000e+02	4.197000e+00	1.634000e+00
4.960000e+02	4.470000e+00	2.243000e+00
4.965000e+02	4.588000e+00	2.608000e+00
4.970000e+02	4.536000e+00	2.401000e+00
4.975000e+02	4.212000e+00	1.636000e+00
4.980000e+02	3.729000e+00	6.777000e-01
4.985000e+02	3.046000e+00	-6.093000e-02
4.990000e+02	2.178000e+00	-4.129000e-01
4.995000e+02	1.242000e+00	-5.041000e-01
5.000000e+02	1.753000e-01	-5.537000e-01
5.005000e+02	-8.801000e-01	-6.543000e-01
5.010000e+02	-1.905000e+00	-7.638000e-01
5.015000e+02	-2.877000e+00	-8.806000e-01
5.020000e+02	-3.719000e+00	-1.124000e+00
5.025000e+02	-4.451000e+00	-1.568000e+00
5.030000e+02	-5.038000e+00	-2.041000e+00
5.035000e+02	-5.426000e+00	-2.233000e+00
5.040000e+02	-5.610000e+00	-2.000000e+00
5.045000e+02	-5.556000e+00	-1.511000e+00
5.050000e+02	-5.262000e+00	-1.051000e+00
5.055000e+02	-4.772000e+00	-7.795000e-01
5.060000e+02	-4.081000e+00	-6.881000e-01
5.065000e+02	-3.248000e+00	-6.877000e-01
5.070000e+02	-2.301000e+00	-6.482000e-01
5.075000e+02	-1.267000e+00	-4.398000e-01
5.080000e+02	-1.917000e-01	-5.651000e-02
5.085000e+02	9.129000e-01	3.253000e-01
5.090000e+02	2.015000e+00	5.140000e-01
5.095000e+02	3.074000e+00	5.315000e-01
5.100000e+02	4.073000e+00	6.062000e-01
5.105000e+02	4.973000e+00	9.429000e-01
5.110000e+02	5.749000e+00	1.556000e+00
5.115000e+02	6.378000e+00	2.294000e+00
5.120000e+02	6.802000e+00	2.941000e+00
5.125000e+02	6.985000e+00	3.319000e+00
5.130000e+02	6.871000e+00	3.418000e+00
5.135000e+02	6.442000e+00	3.397000e+00
5.140000e+02	5.678000e+00	3.332000e+00
5.145000e+02	4.570000e+00	2.952000e+00
5.150000e+02	3.174000e+00	1.820000e+00
5.155000e+02	1.554000e+00	-1.175000e-01
5.160000e+02	-1.818000e-01	-2.320000e+00
5.165000e+02	-1.902000e+00	-4.119000e+00
5.170000e+02	-3.475000e+00	-5.265000e+00
5.175000e+02	-4.764000e+00	-5.852000e+00
5.180000e+02	-5.605000e+00	-5.891000e+00
5.185000e+02	-6.019000e+00	-5.219000e+00
5.190000e+02	-5.924000e+00	-3.842000e+00
5.195000e+02	-5.478000e+00	-2.075000e+00
5.200000e+02	-4.769000e+00	-2.808000e-01
5.205000e+02	-3.836000e+00	1.324000e+00
5.210000e+02	-2.844000e+00	2.537000e+00
5.215000e+02	-1.818000e+00	3.134000e+00
5.220000e+02	-8.289000e-01	3.159000e+00
5.225000e+02	2.853000e-02	3.033000e+00
5.230000e+02	7.758000e-01	3.078000e+00
5.235000e+02	1.372000e+00	3.033000e+00
5.240000e+02	1.804000e+00	2.369000e+00
5.245000e+02	2.135000e+00	1.056000e+00
5.250000e+02	2.324000e+00	-2.681000e-01
5.255000e+02	2.427000e+00	-9.922000e-01
5.260000e+02	2.449000e+00	-1.119000e+00
5.265000e+02	2.358000e+00	-1.024000e+00
5.270000e+02	2.229000e+00	-8.982000e-01
5.275000e+02	2.014000e+00	-6.883000e-01
5.280000e+02	1.707000e+00	-4.299000e-01
5.285000e+02	1.360000e+00	-3.180000e-01
5.290000e+02	8.836000e-01	-4.407000e-01
5.295000e+02	3.606000e-01	-6.817000e-01
5.300000e+02	-2.084000e-01	-9.292000e-01
5.305000e+02	-7.903000e-01	-1.177000e+00
5.310000e+02	-1.294000e+00	-1.351000e+00
5.315000e+02	-1.744000e+00	-1.248000e+00
5.320000e+02	-2.081000e+00	-8.134000e-01
5.325000e+02	-2.260000e+00	-3.300000e-01
5.330000e+02	-2.306000e+00	-1.276000e-01
5.335000e+02	-2.197000e+00	-1.440000e-01
5.340000e+02	-1.948000e+00	4.192000e-02
5.345000e+02	-1.616000e+00	7.177000e-01
5.350000e+02	-1.173000e+00	1.725000e+00
5.355000e+02	-6.828000e-01	2.683000e+00
5.360000e+02	-1.733000e-01	3.372000e+00
5.365000e+02	3.244000e-01	3.813000e+00
5.370000e+02	7.191000e-01	4.036000e+00
5.375000e+02	9.737000e-01	3.941000e+00
5.380000e+02	1.031000e+00	3.382000e+00
5.385000e+02	8.721000e-01	2.324000e+00
5.390000e+02	5.232000e-01	8.598000e-01
5.395000e+02	-3.778000e-02	-8.794000e-01
5.400000e+02	-7.679000e-01	-2.780000e+00
5.405000e+02	-1.583000e+00	-4.696000e+00
5.410000e+02	-2.376000e+00	-6.374000e+00
5.415000e+02	-2.977000e+00	-7.470000e+00
5.420000e+02	-3.207000e+00	-7.715000e+00
5.425000e+02	-3.048000e+00	-7.086000e+00
5.430000e+02	-2.477000e+00	-5.821000e+00
5.435000e+02	-1.599000e+00	-4.205000e+00
5.440000e+02	-5.698000e-01	-2.372000e+00
5.445000e+02	6.076000e-01	-3.247000e-01
5.450000e+02	1.743000e+00	1.865000e+00
5.455000e+02	2.740000e+00	3.922000e+00
5.460000e+02	3.576000e+00	5.479000e+00
5.465000e+02	4.088000e+00	6.316000e+00
5.470000e+02	4.378000e+00	6.484000e+00
5.475000e+02	4.388000e+00	6.210000e+00
5.480000e+02	4.136000e+00	5.691000e+00
5.485000e+02	3.726000e+00	4.995000e+00
5.490000e+02	3.086000e+00	4.140000e+00
5.495000e+02	2.328000e+00	3.219000e+00
5.500000e+02	1.372000e+00	2.371000e+00
5.505000e+02	3.058000e-01	1.616000e+00
5.510000e+02	-8.502000e-01	7.597000e-01
5.515000e+02	-2.127000e+00	-4.266000e-01
5.520000e+02	-3.324000e+00	-1.908000e+00
5.525000e+02	-4.555000e+00	-3.336000e+00
5.530000e+02	-5.648000e+00	-4.332000e+00
5.535000e+02	-6.557000e+00	-4.804000e+00
5.540000e+02	-7.294000e+00	-4.926000e+00
5.545000e+02	-7.648000e+00	-4.866000e+00
5.550000e+02	-7.675000e+00	-4.625000e+00
5.555000e+02	-7.287000e+00	-4.133000e+00
5.560000e+02	-6.472000e+00	-3.413000e+00
5.565000e+02	-5.384000e+00	-2.574000e+00
5.570000e+02	-3.987000e+00	-1.724000e+00
5.575000e+02	-2.449000e+00	-9.426000e-01
5.580000e+02	-7.950000e-01	-2.957000e-01
5.585000e+02	9.095000e-01	2.105000e-01
5.590000e+02	2.527000e+00	6.921000e-01
5.595000e+02	4.066000e+00	1.319000e+00
5.600000e+02	5.395000e+00	2.164000e+00
5.605000e+02	6.519000e+00	3.141000e+00
5.610000e+02	7.403000e+00	4.079000e+00
5.615000e+02	7.963000e+00	4.789000e+00
5.620000e+02	8.216000e+00	5.084000e+00
5.625000e+02	8.091000e+00	4.859000e+00
5.630000e+02	7.606000e+00	4.183000e+00
5.635000e+02	6.770000e+00	3.217000e+00
5.640000e+02	5.564000e+00	1.994000e+00
5.645000e+02	4.120000e+00	4.142000e-01
5.650000e+02	2.426000e+00	-1.417000e+00
5.655000e+02	6.412000e-01	-2.986000e+00
5.660000e+02	-1.120000e+00	-3.732000e+00
5.665000e+02	-2.802000e+00	-3.597000e+00
5.670000e+02	-4.219000e+00	-3.044000e+00
5.675000e+02	-5.374000e+00	-2.500000e+00
5.680000e+02	-6.206000e+00	-2.019000e+00
5.685000e+02	-6.706000e+00	-1.568000e+00
5.690000e+02	-6.919000e+00	-1.335000e+00
5.695000e+02	-6.802000e+00	-1.478000e+00
5.700000e+02	-6.406000e+00	-1.710000e+00
5.705000e+02	-5.715000e+00	-1.492000e+00
5.710000e+02	-4.777000e+00	-6.283000e-01
5.715000e+02	-3.649000e+00	5.662000e-01
5.720000e+02	-2.410000e+00	1.724000e+00
5.725000e+02	-1.150000e+00	2.741000e+00
5.730000e+02	1.153000e-02	3.526000e+00
5.735000e+02	1.031000e+00	3.746000e+00
5.740000e+02	1.858000e+00	3.144000e+00
5.745000e+02	2.460000e+00	1.958000e+00
5.750000e+02	2.862000e+00	7.236000e-01
5.755000e+02	3.061000e+00	-3.051000e-01
5.760000e+02	3.105000e+00	-1.237000e+00
5.765000e+02	3.035000e+00	-2.068000e+00
5.770000e+02	2.892000e+00	-2.483000e+00
5.775000e+02	2.730000e+00	-2.296000e+00
5.780000e+02	2.543000e+00	-1.829000e+00
5.785000e+02	2.325000e+00	-1.572000e+00
5.790000e+02	2.054000e+00	-1.585000e+00
5.795000e+02	1.722000e+00	-1.475000e+00
5.800000e+02	1.360000e+00	-9.367000e-01
5.805000e+02	9.746000e-01	-9.898000e-02
5.810000e+02	5.825000e-01	6.696000e-01
5.815000e+02	1.961000e-01	1.132000e+00
5.820000e+02	-1.951000e-01	1.296000e+00
5.825000e+02	-5.770000e-01	1.300000e+00
5.830000e+02	-9.697000e-01	1.268000e+00
5.835000e+02	-1.379000e+00	1.195000e+00
5.840000e+02	-1.771000e+00	9.225000e-01
5.845000e+02	-2.106000e+00	3.300000e-01
5.850000e+02	-2.326000e+00	-4.101000e-01
5.855000e+02	-2.412000e+00	-8.543000e-01
5.860000e+02	-2.361000e+00	-6.494000e-01
5.865000e+02	-2.181000e+00	1.801000e-01
5.870000e+02	-1.895000e+00	1.320000e+00
5.875000e+02	-1.531000e+00	2.418000e+00
5.880000e+02	-1.138000e+00	3.163000e+00
5.885000e+02	-7.820000e-01	3.284000e+00
5.890000e+02	-5.105000e-01	2.715000e+00
5.895000e+02	-3.555000e-01	1.752000e+00
5.900000e+02	-3.239000e-01	8.405000e-01
5.905000e+02	-4.091000e-01	1.280000e-01
5.910000e+02	-6.021000e-01	-6.441000e-01
5.915000e+02	-8.880000e-01	-1.720000e+00
5.920000e+02	-1.234000e+00	-2.957000e+00
5.925000e+02	-1.570000e+00	-3.986000e+00
5.930000e+02	-1.832000e+00	-4.637000e+00
5.935000e+02	-1.966000e+00	-5.015000e+00
5.940000e+02	-1.892000e+00	-5.200000e+00
5.945000e+02	-1.544000e+00	-5.060000e+00
5.950000e+02	-9.661000e-01	-4.422000e+00
5.955000e+02	-1.203000e-01	-3.279000e+00
5.960000e+02	8.219000e-01	-1.773000e+00
5.965000e+02	1.829000e+00	-7.091000e-02
5.970000e+02	2.806000e+00	1.634000e+00
5.975000e+02	3.648000e+00	3.099000e+00
5.980000e+02	4.301000e+00	4.198000e+00
5.985000e+02	4.685000e+00	5.074000e+00
5.990000e+02	4.774000e+00	5.954000e+00
5.995000e+02	4.552000e+00	6.727000e+00
6.000000e+02	4.057000e+00	6.863000e+00
6.005000e+02	3.323000e+00	5.928000e+00
6.010000e+02	2.371000e+00	4.132000e+00
6.015000e+02	1.240000e+00	2.195000e+00
6.020000e+02	-4.297000e-02	6.740000e-01
6.025000e+02	-1.440000e+00	-4.496000e-01
6.030000e+02	-2.854000e+00	-1.487000e+00
6.035000e+02	-4.214000e+00	-2.537000e+00
6.040000e+02	-5.494000e+00	-3.427000e+00
6.045000e+02	-6.537000e+00	-4.022000e+00
6.050000e+02	-7.326000e+00	-4.348000e+00
6.055000e+02	-7.765000e+00	-4.380000e+00
6.060000e+02	-7.823000e+00	-3.940000e+00
6.065000e+02	-7.553000e+00	-2.976000e+00
6.070000e+02	-6.858000e+00	-1.810000e+00
6.075000e+02	-5.873000e+00	-9.493000e-01
6.080000e+02	-4.650000e+00	-6.500000e-01
6.085000e+02	-3.256000e+00	-7.785000e-01
6.090000e+02	-1.801000e+00	-1.045000e+00
6.095000e+02	-3.126000e-01	-1.233000e+00
6.100000e+02	1.203000e+00	-1.192000e+00
6.105000e+02	2.661000e+00	-7.700000e-01
6.110000e+02	4.073000e+00	9.687000e-02
6.115000e+02	5.410000e+00	1.266000e+00
6.120000e+02	6.582000e+00	2.424000e+00
6.125000e+02	7.577000e+00	3.253000e+00
6.130000e+02	8.286000e+00	3.570000e+00
6.135000e+02	8.693000e+00	3.383000e+00
6.140000e+02	8.806000e+00	2.885000e+00
6.145000e+02	8.580000e+00	2.341000e+00
6.150000e+02	8.080000e+00	1.933000e+00
6.155000e+02	7.252000e+00	1.684000e+00
6.160000e+02	6.174000e+00	1.522000e+00
6.165000e+02	4.840000e+00	1.326000e+00
6.170000e+02	3.283000e+00	9.252000e-01
6.175000e+02	1.624000e+00	1.636000e-01
6.180000e+02	-1.582000e-01	-9.255000e-01
6.185000e+02	-1.919000e+00	-2.067000e+00
6.190000e+02	-3.595000e+00	-2.961000e+00
6.195000e+02	-5.117000e+00	-3.504000e+00
6.200000e+02	-6.334000e+00	-3.718000e+00
6.205000e+02	-7.269000e+00	-3.541000e+00
6.210000e+02	-7.767000e+00	-2.883000e+00
6.215000e+02	-7.831000e+00	-1.886000e+00
6.220000e+02	-7.530000e+00	-9.389000e-01
6.225000e+02	-6.793000e+00	-3.190000e-01
6.230000e+02	-5.857000e+00	4.831000e-02
6.235000e+02	-4.683000e+00	4.045000e-01
6.240000e+02	-3.379000e+00	8.525000e-01
6.245000e+02	-2.054000e+00	1.334000e+00
6.250000e+02	-6.911000e-01	1.775000e+00
6.255000e+02	5.974000e-01	2.090000e+00
6.260000e+02	1.798000e+00	2.135000e+00
6.265000e+02	2.883000e+00	1.854000e+00
6.270000e+02	3.806000e+00	1.459000e+00
6.275000e+02	4.562000e+00	1.285000e+00
6.280000e+02	5.112000e+00	1.403000e+00
6.285000e+02	5.449000e+00	1.518000e+00
6.290000e+02	5.560000e+00	1.298000e+00
6.295000e+02	5.432000e+00	6.854000e-01
6.300000e+02	5.085000e+00	-1.235000e-01
6.305000e+02	4.545000e+00	-8.808000e-01
6.310000e+02	3.850000e+00	-1.385000e+00
6.315000e+02	3.039000e+00	-1.537000e+00
6.320000e+02	2.139000e+00	-1.420000e+00
6.325000e+02	1.183000e+00	-1.251000e+00
6.330000e+02	1.996000e-01	-1.146000e+00
6.335000e+02	-7.848000e-01	-1.028000e+00
6.340000e+02	-1.737000e+00	-8.721000e-01
6.345000e+02	-2.628000e+00	-8.831000e-01
6.350000e+02	-3.405000e+00	-1.223000e+00
6.355000e+02	-4.026000e+00	-1.641000e+00
6.360000e+02	-4.456000e+00	-1.642000e+00
6.365000e+02	-4.678000e+00	-1.056000e+00
6.370000e+02	-4.696000e+00	-2.585000e-01
6.375000e+02	-4.521000e+00	2.876000e-01
6.380000e+02	-4.172000e+00	4.815000e-01
6.385000e+02	-3.664000e+00	4.990000e-01
6.390000e+02	-3.020000e+00	4.739000e-01
6.395000e+02	-2.264000e+00	4.830000e-01
6.400000e+02	-1.433000e+00	7.129000e-01
6.405000e+02	-5.626000e-01	1.349000e+00
6.410000e+02	3.155000e-01	2.256000e+00
6.415000e+02	1.150000e+00	2.974000e+00
6.420000e+02	1.872000e+00	3.118000e+00
6.425000e+02	2.422000e+00	2.683000e+00
6.430000e+02	2.765000e+00	1.906000e+00
6.435000e+02	2.901000e+00	9.640000e-01
6.440000e+02	2.854000e+00	-9.222000e-02
6.445000e+02	2.652000e+00	-1.153000e+00
6.450000e+02	2.348000e+00	-1.961000e+00
6.455000e+02	1.991000e+00	-2.262000e+00
6.460000e+02	1.631000e+00	-2.048000e+00
6.465000e+02	1.295000e+00	-1.603000e+00
6.470000e+02	9.760000e-01	-1.269000e+00
6.475000e+02	6.665000e-01	-1.127000e+00
6.480000e+02	3.637000e-01	-9.439000e-01
6.485000e+02	7.099000e-02	-4.987000e-01
6.490000e+02	-2.111000e-01	1.104000e-01
6.495000e+02	-4.806000e-01	5.918000e-01
6.500000e+02	-7.295000e-01	8.561000e-01
6.505000e+02	-9.569000e-01	1.099000e+00
6.510000e+02	-1.179000e+00	1.437000e+00
6.515000e+02	-1.413000e+00	1.640000e+00
6.520000e+02	-1.678000e+00	1.365000e+00
6.525000e+02	-1.986000e+00	5.681000e-01
6.530000e+02	-2.320000e+00	-4.786000e-01
6.535000e+02	-2.643000e+00	-1.494000e+00
6.540000e+02	-2.900000e+00	-2.347000e+00
6.545000e+02	-3.038000e+00	-2.943000e+00
6.550000e+02	-3.013000e+00	-3.171000e+00
6.555000e+02	-2.795000e+00	-3.005000e+00
6.560000e+02	-2.382000e+00	-2.518000e+00
6.565000e+02	-1.809000e+00	-1.757000e+00
6.570000e+02	-1.115000e+00	-7.395000e-01
6.575000e+02	-3.623000e-01	3.471000e-01
6.580000e+02	4.273000e-01	1.137000e+00
6.585000e+02	1.204000e+00	1.419000e+00
6.590000e+02	1.938000e+00	1.400000e+00
6.595000e+02	2.612000e+00	1.487000e+00
6.600000e+02	3.194000e+00	1.867000e+00
6.605000e+02	3.697000e+00	2.430000e+00
6.610000e+02	4.100000e+00	3.003000e+00
6.615000e+02	4.391000e+00	3.493000e+00
6.620000e+02	4.568000e+00	3.819000e+00
6.625000e+02	4.589000e+00	3.902000e+00
6.630000e+02	4.432000e+00	3.781000e+00
6.635000e+02	4.054000e+00	3.564000e+00
6.640000e+02	3.445000e+00	3.202000e+00
6.645000e+02	2.620000e+00	2.458000e+00
6.650000e+02	1.537000e+00	1.208000e+00
6.655000e+02	3.050000e-01	-3.676000e-01
6.660000e+02	-1.105000e+00	-1.988000e+00
6.665000e+02	-2.576000e+00	-3.573000e+00
6.670000e+02	-3.984000e+00	-5.142000e+00
6.675000e+02	-5.283000e+00	-6.495000e+00
6.680000e+02	-6.236000e+00	-7.216000e+00
6.685000e+02	-6.758000e+00	-7.076000e+00
6.690000e+02	-6.838000e+00	-6.294000e+00
6.695000e+02	-6.353000e+00	-5.289000e+00
6.700000e+02	-5.510000e+00	-4.281000e+00
6.705000e+02	-4.322000e+00	-3.215000e+00
6.710000e+02	-2.819000e+00	-1.993000e+00
6.715000e+02	-1.210000e+00	-6.500000e-01
6.720000e+02	5.381000e-01	6.878000e-01
6.725000e+02	2.182000e+00	1.918000e+00
6.730000e+02	3.734000e+00	2.996000e+00
6.735000e+02	5.116000e+00	3.916000e+00
6.740000e+02	6.208000e+00	4.706000e+00
6.745000e+02	7.089000e+00	5.386000e+00
6.750000e+02	7.604000e+00	5.906000e+00
6.755000e+02	7.883000e+00	6.124000e+00
6.760000e+02	7.899000e+00	5.916000e+00
6.765000e+02	7.587000e+00	5.325000e+00
6.770000e+02	7.025000e+00	4.557000e+00
6.775000e+02	6.049000e+00	3.787000e+00
6.780000e+02	4.834000e+00	2.966000e+00
6.785000e+02	3.335000e+00	1.867000e+00
6.790000e+02	1.577000e+00	3.540000e-01
6.795000e+02	-2.108000e-01	-1.415000e+00
6.800000e+02	-2.182000e+00	-3.083000e+00
6.805000e+02	-4.055000e+00	-4.369000e+00
6.810000e+02	-5.778000e+00	-5.210000e+00
6.815000e+02	-7.304000e+00	-5.663000e+00
6.820000e+02	-8.371000e+00	-5.780000e+00
6.825000e+02	-9.060000e+00	-5.605000e+00
6.830000e+02	-9.172000e+00	-5.193000e+00
6.835000e+02	-8.726000e+00	-4.555000e+00
6.840000e+02	-7.872000e+00	-3.605000e+00
6.845000e+02	-6.497000e+00	-2.257000e+00
6.850000e+02	-4.905000e+00	-6.198000e-01
6.855000e+02	-3.071000e+00	9.648000e-01
6.860000e+02	-1.195000e+00	2.102000e+00
6.865000e+02	5.331000e-01	2.587000e+00
6.870000e+02	2.191000e+00	2.518000e+00
6.875000e+02	3.520000e+00	2.234000e+00
6.880000e+02	4.666000e+00	2.110000e+00
6.885000e+02	5.541000e+00	2.317000e+00
6.890000e+02	6.136000e+00	2.709000e+00
6.895000e+02	6.570000e+00	2.962000e+00
6.900000e+02	6.694000e+00	2.828000e+00
6.905000e+02	6.598000e+00	2.271000e+00
6.910000e+02	6.233000e+00	1.416000e+00
6.915000e+02	5.585000e+00	4.502000e-01
6.920000e+02	4.752000e+00	-4.066000e-01
6.925000e+02	3.740000e+00	-9.547000e-01
6.930000e+02	2.608000e+00	-1.147000e+00
6.935000e+02	1.431000e+00	-1.141000e+00
6.940000e+02	2.216000e-01	-1.155000e+00
6.945000e+02	-9.361000e-01	-1.251000e+00
6.950000e+02	-2.010000e+00	-1.302000e+00
6.955000e+02	-2.975000e+00	-1.153000e+00
6.960000e+02	-3.792000e+00	-7.839000e-01
6.965000e+02	-4.441000e+00	-3.213000e-01
6.970000e+02	-4.911000e+00	5.973000e-02
6.975000e+02	-5.188000e+00	2.764000e-01
6.980000e+02	-5.252000e+00	4.285000e-01
6.985000e+02	-5.148000e+00	7.197000e-01
6.990000e+02	-4.871000e+00	1.221000e+00
6.995000e+02	-4.470000e+00	1.725000e+00
7.000000e+02	-3.975000e+00	1.897000e+00
7.005000e+02	-3.394000e+00	1.589000e+00
7.010000e+02	-2.802000e+00	9.213000e-01
7.015000e+02	-2.210000e+00	7.693000e-02
7.020000e+02	-1.657000e+00	-8.513000e-01
7.025000e+02	-1.144000e+00	-1.785000e+00
7.030000e+02	-6.273000e-01	-2.569000e+00
7.035000e+02	-9.834000e-02	-3.067000e+00
7.040000e+02	4.906000e-01	-3.260000e+00
7.045000e+02	1.135000e+00	-3.153000e+00
7.050000e+02	1.813000e+00	-2.658000e+00
7.055000e+02	2.500000e+00	-1.739000e+00
7.060000e+02	3.144000e+00	-6.099000e-01
7.065000e+02	3.707000e+00	4.040000e-01
7.070000e+02	4.155000e+00	1.196000e+00
7.075000e+02	4.456000e+00	1.897000e+00
7.080000e+02	4.600000e+00	2.523000e+00
7.085000e+02	4.578000e+00	2.839000e+00
7.090000e+02	4.403000e+00	2.703000e+00
7.095000e+02	4.090000e+00	2.375000e+00
7.100000e+02	3.646000e+00	2.246000e+00
7.105000e+02	3.095000e+00	2.350000e+00
7.110000e+02	2.429000e+00	2.352000e+00
7.115000e+02	1.658000e+00	2.033000e+00
7.120000e+02	7.925000e-01	1.517000e+00
7.125000e+02	-1.518000e-01	9.779000e-01
7.130000e+02	-1.130000e+00	3.662000e-01
7.135000e+02	-2.117000e+00	-4.244000e-01
7.140000e+02	-3.068000e+00	-1.281000e+00
7.145000e+02	-3.940000e+00	-1.985000e+00
7.150000e+02	-4.691000e+00	-2.507000e+00
7.155000e+02	-5.273000e+00	-2.990000e+00
7.160000e+02	-5.614000e+00	-3.450000e+00
7.165000e+02	-5.702000e+00	-3.711000e+00
7.170000e+02	-5.490000e+00	-3.680000e+00
7.175000e+02	-4.946000e+00	-3.498000e+00
7.180000e+02	-4.151000e+00	-3.304000e+00
7.185000e+02	-3.075000e+00	-3.003000e+00
7.190000e+02	-1.802000e+00	-2.381000e+00
7.195000e+02	-3.775000e-01	-1.380000e+00
7.200000e+02	1.154000e+00	-1.283000e-01
7.205000e+02	2.662000e+00	1.229000e+00
7.210000e+02	4.148000e+00	2.575000e+00
7.215000e+02	5.456000e+00	3.745000e+00
7.220000e+02	6.581000e+00	4.588000e+00
7.225000e+02	7.461000e+00	5.117000e+00
7.230000e+02	7.991000e+00	5.454000e+00
7.235000e+02	8.229000e+00	5.581000e+00
7.240000e+02	8.132000e+00	5.284000e+00
7.245000e+02	7.755000e+00	4.462000e+00
7.250000e+02	7.105000e+00	3.342000e+00
7.255000e+02	6.147000e+00	2.275000e+00
7.260000e+02	4.920000e+00	1.392000e+00
7.265000e+02	3.463000e+00	5.802000e-01
7.270000e+02	1.776000e+00	-2.801000e-01
7.275000e+02	-2.629000e-02	-1.238000e+00
7.280000e+02	-1.897000e+00	-2.392000e+00
7.285000e+02	-3.782000e+00	-3.855000e+00
7.290000e+02	-5.517000e+00	-5.497000e+00
7.295000e+02	-7.023000e+00	-6.885000e+00
7.300000e+02	-8.143000e+00	-7.597000e+00
7.305000e+02	-8.761000e+00	-7.524000e+00
7.310000e+02	-8.769000e+00	-6.852000e+00
7.315000e+02	-8.189000e+00	-5.830000e+00
7.320000e+02	-7.013000e+00	-4.673000e+00
7.325000e+02	-5.448000e+00	-3.500000e+00
7.330000e+02	-3.581000e+00	-2.212000e+00
7.335000e+02	-1.509000e+00	-5.431000e-01
7.340000e+02	5.420000e-01	1.551000e+00
7.345000e+02	2.479000e+00	3.620000e+00
7.350000e+02	4.204000e+00	5.088000e+00
7.355000e+02	5.607000e+00	5.893000e+00
7.360000e+02	6.661000e+00	6.497000e+00
7.365000e+02	7.368000e+00	7.165000e+00
7.370000e+02	7.702000e+00	7.553000e+00
7.375000e+02	7.766000e+00	7.217000e+00
7.380000e+02	7.535000e+00	6.260000e+00
7.385000e+02	6.986000e+00	5.168000e+00
7.390000e+02	6.136000e+00	4.130000e+00
7.395000e+02	4.978000e+00	2.916000e+00
7.400000e+02	3.514000e+00	1.388000e+00
7.405000e+02	1.869000e+00	-2.034000e-01
7.410000e+02	5.231000e-02	-1.555000e+00
7.415000e+02	-1.851000e+00	-2.634000e+00
7.420000e+02	-3.725000e+00	-3.524000e+00
7.425000e+02	-5.525000e+00	-4.192000e+00
7.430000e+02	-7.068000e+00	-4.650000e+00
7.435000e+02	-8.300000e+00	-5.125000e+00
7.440000e+02	-9.161000e+00	-5.780000e+00
7.445000e+02	-9.558000e+00	-6.393000e+00
7.450000e+02	-9.497000e+00	-6.563000e+00
7.455000e+02	-8.888000e+00	-6.185000e+00
7.460000e+02	-7.774000e+00	-5.422000e+00
7.465000e+02	-6.143000e+00	-4.280000e+00
7.470000e+02	-4.145000e+00	-2.590000e+00
7.475000e+02	-1.954000e+00	-4.966000e-01
7.480000e+02	3.205000e-01	1.388000e+00
7.485000e+02	2.399000e+00	2.564000e+00
7.490000e+02	4.318000e+00	3.134000e+00
7.495000e+02	5.889000e+00	3.479000e+00
7.500000e+02	7.159000e+00	3.704000e+00
7.505000e+02	8.173000e+00	3.715000e+00
7.510000e+02	8.827000e+00	3.690000e+00
7.515000e+02	9.258000e+00	4.014000e+00
7.520000e+02	9.401000e+00	4.675000e+00
7.525000e+02	9.291000e+00	5.119000e+00
7.530000e+02	8.932000e+00	4.885000e+00
7.535000e+02	8.186000e+00	4.140000e+00
7.540000e+02	7.219000e+00	3.355000e+00
7.545000e+02	5.898000e+00	2.646000e+00
7.550000e+02	4.275000e+00	1.717000e+00
7.555000e+02	2.520000e+00	3.753000e-01
7.560000e+02	4.935000e-01	-1.188000e+00
7.565000e+02	-1.516000e+00	-2.658000e+00
7.570000e+02	-3.506000e+00	-3.893000e+00
7.575000e+02	-5.368000e+00	-4.836000e+00
7.580000e+02	-6.856000e+00	-5.290000e+00
7.585000e+02	-8.044000e+00	-4.973000e+00
7.590000e+02	-8.740000e+00	-3.838000e+00
7.595000e+02	-8.953000e+00	-2.249000e+00
7.600000e+02	-8.785000e+00	-8.065000e-01
7.605000e+02	-8.111000e+00	3.169000e-02
7.610000e+02	-7.228000e+00	2.009000e-01
7.615000e+02	-6.042000e+00	-6.521000e-02
7.620000e+02	-4.655000e+00	-5.303000e-01
7.625000e+02	-3.281000e+00	-1.107000e+00
7.630000e+02	-1.712000e+00	-1.715000e+00
7.635000e+02	-2.008000e-01	-2.124000e+00
7.640000e+02	1.414000e+00	-2.087000e+00
7.645000e+02	3.075000e+00	-1.611000e+00
7.650000e+02	4.635000e+00	-9.234000e-01
7.655000e+02	6.192000e+00	-1.575000e-01
7.660000e+02	7.511000e+00	7.788000e-01
7.665000e+02	8.630000e+00	1.915000e+00
7.670000e+02	9.508000e+00	2.969000e+00
7.675000e+02	1.004000e+01	3.562000e+00
7.680000e+02	1.035000e+01	3.623000e+00
7.685000e+02	1.032000e+01	3.406000e+00
7.690000e+02	1.004000e+01	3.139000e+00
7.695000e+02	9.512000e+00	2.880000e+00
7.700000e+02	8.695000e+00	2.715000e+00
7.705000e+02	7.687000e+00	2.854000e+00
7.710000e+02	6.413000e+00	3.310000e+00
7.715000e+02	4.910000e+00	3.634000e+00
7.720000e+02	3.202000e+00	3.206000e+00
7.725000e+02	1.260000e+00	1.835000e+00
7.730000e+02	-7.869000e-01	-7.324000e-02
7.735000e+02	-2.903000e+00	-1.952000e+00
7.740000e+02	-4.979000e+00	-3.539000e+00
7.745000e+02	-6.854000e+00	-4.834000e+00
7.750000e+02	-8.471000e+00	-5.788000e+00
7.755000e+02	-9.630000e+00	-6.238000e+00
7.760000e+02	-1.017000e+01	-6.131000e+00
7.765000e+02	-1.010000e+01	-5.612000e+00
7.770000e+02	-9.391000e+00	-4.838000e+00
7.775000e+02	-8.185000e+00	-3.805000e+00
7.780000e+02	-6.576000e+00	-2.504000e+00
7.785000e+02	-4.604000e+00	-1.114000e+00
7.790000e+02	-2.493000e+00	1.075000e-01
7.795000e+02	-3.183000e-01	1.135000e+00
7.800000e+02	1.696000e+00	2.183000e+00
7.805000e+02	3.519000e+00	3.329000e+00
7.810000e+02	5.021000e+00	4.294000e+00
7.815000e+02	6.165000e+00	4.747000e+00
7.820000e+02	6.978000e+00	4.735000e+00
7.825000e+02	7.367000e+00	4.584000e+00
7.830000e+02	7.442000e+00	4.390000e+00
7.835000e+02	7.164000e+00	3.862000e+00
7.840000e+02	6.568000e+00	2.753000e+00
7.845000e+02	5.693000e+00	1.289000e+00
7.850000e+02	4.563000e+00	-3.083000e-02
7.855000e+02	3.248000e+00	-9.533000e-01
7.860000e+02	1.788000e+00	-1.607000e+00
7.865000e+02	3.304000e-01	-2.161000e+00
7.870000e+02	-1.092000e+00	-2.587000e+00
7.875000e+02	-2.390000e+00	-2.795000e+00
7.880000e+02	-3.481000e+00	-2.805000e+00
7.885000e+02	-4.370000e+00	-2.632000e+00
7.890000e+02	-5.025000e+00	-2.159000e+00
7.895000e+02	-5.451000e+00	-1.296000e+00
7.900000e+02	-5.639000e+00	-2.301000e-01
7.905000e+02	-5.603000e+00	6.474000e-01
7.910000e+02	-5.322000e+00	1.095000e+00
7.915000e+02	-4.925000e+00	1.197000e+00
7.920000e+02	-4.368000e+00	1.185000e+00
7.925000e+02	-3.717000e+00	1.171000e+00
7.930000e+02	-3.041000e+00	1.091000e+00
7.935000e+02	-2.305000e+00	8.086000e-01
7.940000e+02	-1.628000e+00	2.084000e-01
7.945000e+02	-9.769000e-01	-7.336000e-01
7.950000e+02	-3.345000e-01	-1.857000e+00
7.955000e+02	2.833000e-01	-2.809000e+00
7.960000e+02	9.744000e-01	-3.211000e+00
7.965000e+02	1.700000e+00	-2.879000e+00
7.970000e+02	2.479000e+00	-1.892000e+00
7.975000e+02	3.282000e+00	-4.786000e-01
7.980000e+02	4.006000e+00	1.098000e+00
7.985000e+02	4.603000e+00	2.556000e+00
7.990000e+02	4.966000e+00	3.576000e+00
7.995000e+02	5.058000e+00	3.865000e+00
8.000000e+02	4.874000e+00	3.321000e+00
8.005000e+02	4.420000e+00	2.163000e+00
8.010000e+02	3.769000e+00	8.727000e-01
8.015000e+02	2.976000e+00	-7.189000e-02
8.020000e+02	2.081000e+00	-4.986000e-01
8.025000e+02	1.151000e+00	-5.895000e-01
8.030000e+02	2.268000e-01	-6.331000e-01
8.035000e+02	-6.433000e-01	-7.426000e-01
8.040000e+02	-1.428000e+00	-8.434000e-01
8.045000e+02	-2.139000e+00	-8.859000e-01
8.050000e+02	-2.759000e+00	-9.610000e-01
8.055000e+02	-3.276000e+00	-1.156000e+00
8.060000e+02	-3.648000e+00	-1.369000e+00
8.065000e+02	-3.848000e+00	-1.361000e+00
8.070000e+02	-3.861000e+00	-9.867000e-01
8.075000e+02	-3.690000e+00	-3.342000e-01
8.080000e+02	-3.372000e+00	3.793000e-01
8.085000e+02	-2.949000e+00	9.545000e-01
8.090000e+02	-2.471000e+00	1.229000e+00
8.095000e+02	-1.967000e+00	1.054000e+00
8.100000e+02	-1.452000e+00	3.986000e-01
8.105000e+02	-9.253000e-01	-4.813000e-01
8.110000e+02	-3.723000e-01	-1.106000e+00
8.115000e+02	2.288000e-01	-1.102000e+00
8.120000e+02	8.858000e-01	-4.696000e-01
8.125000e+02	1.581000e+00	5.087000e-01
8.130000e+02	2.254000e+00	1.536000e+00
8.135000e+02	2.815000e+00	2.365000e+00
8.140000e+02	3.192000e+00	2.678000e+00
8.145000e+02	3.335000e+00	2.162000e+00
8.150000e+02	3.256000e+00	8.683000e-01
8.155000e+02	2.981000e+00	-6.318000e-01
8.160000e+02	2.558000e+00	-1.655000e+00
8.165000e+02	2.033000e+00	-1.983000e+00
8.170000e+02	1.456000e+00	-1.924000e+00
8.175000e+02	8.941000e-01	-1.816000e+00
8.180000e+02	3.901000e-01	-1.657000e+00
8.185000e+02	-4.091000e-02	-1.285000e+00
8.190000e+02	-4.224000e-01	-7.263000e-01
8.195000e+02	-7.786000e-01	-1.976000e-01
8.200000e+02	-1.109000e+00	1.749000e-01
8.205000e+02	-1.394000e+00	4.865000e-01
8.210000e+02	-1.619000e+00	9.004000e-01
8.215000e+02	-1.785000e+00	1.447000e+00
8.220000e+02	-1.919000e+00	1.959000e+00
8.225000e+02	-2.043000e+00	2.138000e+00
8.230000e+02	-2.162000e+00	1.720000e+00
8.235000e+02	-2.279000e+00	7.226000e-01
8.240000e+02	-2.390000e+00	-4.778000e-01
8.245000e+02	-2.494000e+00	-1.423000e+00
8.250000e+02	-2.554000e+00	-1.979000e+00
8.255000e+02	-2.513000e+00	-2.354000e+00
8.260000e+02	-2.308000e+00	-2.687000e+00
8.265000e+02	-1.907000e+00	-2.763000e+00
8.270000e+02	-1.325000e+00	-2.236000e+00
8.275000e+02	-6.027000e-01	-1.061000e+00
8.280000e+02	1.923000e-01	4.254000e-01
8.285000e+02	9.954000e-01	1.812000e+00
8.290000e+02	1.743000e+00	2.876000e+00
8.295000e+02	2.370000e+00	3.574000e+00
8.300000e+02	2.824000e+00	3.919000e+00
8.305000e+02	3.063000e+00	3.900000e+00
8.310000e+02	3.066000e+00	3.479000e+00
8.315000e+02	2.846000e+00	2.659000e+00
8.320000e+02	2.431000e+00	1.595000e+00
8.325000e+02	1.846000e+00	5.829000e-01
8.330000e+02	1.112000e+00	-1.895000e-01
8.335000e+02	2.726000e-01	-8.613000e-01
8.340000e+02	-6.134000e-01	-1.737000e+00
8.345000e+02	-1.480000e+00	-2.860000e+00
8.350000e+02	-2.246000e+00	-3.885000e+00
8.355000e+02	-2.863000e+00	-4.458000e+00
8.360000e+02	-3.263000e+00	-4.571000e+00
8.365000e+02	-3.356000e+00	-4.414000e+00
8.370000e+02	-3.191000e+00	-3.994000e+00
8.375000e+02	-2.689000e+00	-3.117000e+00
8.380000e+02	-1.981000e+00	-1.742000e+00
8.385000e+02	-1.143000e+00	-1.574000e-01
8.390000e+02	-2.517000e-01	1.264000e+00
8.395000e+02	5.665000e-01	2.349000e+00
8.400000e+02	1.284000e+00	3.076000e+00
8.405000e+02	1.867000e+00	3.369000e+00
8.410000e+02	2.296000e+00	3.126000e+00
8.415000e+02	2.582000e+00	2.459000e+00
8.420000e+02	2.764000e+00	1.770000e+00
8.425000e+02	2.844000e+00	1.476000e+00
8.430000e+02	2.840000e+00	1.657000e+00
8.435000e+02	2.748000e+00	2.005000e+00
8.440000e+02	2.566000e+00	2.126000e+00
8.445000e+02	2.275000e+00	1.877000e+00
8.450000e+02	1.896000e+00	1.385000e+00
8.455000e+02	1.406000e+00	8.108000e-01
8.460000e+02	7.913000e-01	1.741000e-01
8.465000e+02	1.254000e-01	-5.158000e-01
8.470000e+02	-6.422000e-01	-1.081000e+00
8.475000e+02	-1.433000e+00	-1.275000e+00
8.480000e+02	-2.211000e+00	-1.088000e+00
8.485000e+02	-2.954000e+00	-8.468000e-01
8.490000e+02	-3.568000e+00	-9.265000e-01
8.495000e+02	-4.070000e+00	-1.418000e+00
8.500000e+02	-4.432000e+00	-2.087000e+00
8.505000e+02	-4.663000e+00	-2.597000e+00
8.510000e+02	-4.747000e+00	-2.746000e+00
8.515000e+02	-4.642000e+00	-2.556000e+00
8.520000e+02	-4.359000e+00	-2.227000e+00
8.525000e+02	-3.812000e+00	-1.946000e+00
8.530000e+02	-3.077000e+00	-1.688000e+00
8.535000e+02	-2.173000e+00	-1.249000e+00
8.540000e+02	-1.157000e+00	-5.405000e-01
8.545000e+02	-1.187000e-01	2.526000e-01
8.550000e+02	9.568000e-01	8.939000e-01
8.555000e+02	1.991000e+00	1.358000e+00
8.560000e+02	2.964000e+00	1.717000e+00
8.565000e+02	3.849000e+00	1.879000e+00
8.570000e+02	4.585000e+00	1.736000e+00
8.575000e+02	5.187000e+00	1.555000e+00
8.580000e+02	5.607000e+00	1.882000e+00
8.585000e+02	5.847000e+00	2.853000e+00
8.590000e+02	5.898000e+00	3.832000e+00
8.595000e+02	5.716000e+00	4.021000e+00
8.600000e+02	5.297000e+00	3.301000e+00
8.605000e+02	4.607000e+00	2.230000e+00
8.610000e+02	3.675000e+00	1.300000e+00
8.615000e+02	2.552000e+00	5.191000e-01
8.620000e+02	1.301000e+00	-2.946000e-01
8.625000e+02	5.374000e-03	-1.134000e+00
8.630000e+02	-1.276000e+00	-1.885000e+00
8.635000e+02	-2.484000e+00	-2.533000e+00
8.640000e+02	-3.568000e+00	-3.081000e+00
8.645000e+02	-4.497000e+00	-3.406000e+00
8.650000e+02	-5.169000e+00	-3.410000e+00
8.655000e+02	-5.594000e+00	-3.202000e+00
8.660000e+02	-5.647000e+00	-2.939000e+00
8.665000e+02	-5.395000e+00	-2.565000e+00
8.670000e+02	-4.869000e+00	-1.925000e+00
8.675000e+02	-4.071000e+00	-1.117000e+00
8.680000e+02	-3.152000e+00	-4.901000e-01
8.685000e+02	-2.084000e+00	-2.430000e-01
8.690000e+02	-9.437000e-01	-2.165000e-01
8.695000e+02	2.436000e-01	-1.715000e-01
8.700000e+02	1.482000e+00	-7.379000e-02
8.705000e+02	2.729000e+00	4.524000e-02
8.710000e+02	3.934000e+00	3.606000e-01
8.715000e+02	5.079000e+00	1.149000e+00
8.720000e+02	6.104000e+00	2.397000e+00
8.725000e+02	6.964000e+00	3.681000e+00
8.730000e+02	7.595000e+00	4.484000e+00
8.735000e+02	7.918000e+00	4.599000e+00
8.740000e+02	7.927000e+00	4.203000e+00
8.745000e+02	7.596000e+00	3.607000e+00
8.750000e+02	6.948000e+00	2.978000e+00
8.755000e+02	6.001000e+00	2.255000e+00
8.760000e+02	4.777000e+00	1.292000e+00
8.765000e+02	3.328000e+00	8.475000e-02
8.770000e+02	1.707000e+00	-1.127000e+00
8.775000e+02	-7.062000e-04	-2.010000e+00
8.780000e+02	-1.728000e+00	-2.412000e+00
8.785000e+02	-3.351000e+00	-2.521000e+00
8.790000e+02	-4.828000e+00	-2.742000e+00
8.795000e+02	-6.072000e+00	-3.374000e+00
8.800000e+02	-7.011000e+00	-4.318000e+00
8.805000e+02	-7.545000e+00	-5.078000e+00
8.810000e+02	-7.670000e+00	-5.124000e+00
8.815000e+02	-7.340000e+00	-4.347000e+00
8.820000e+02	-6.549000e+00	-3.119000e+00
8.825000e+02	-5.404000e+00	-1.869000e+00
8.830000e+02	-3.934000e+00	-6.629000e-01
8.835000e+02	-2.331000e+00	6.894000e-01
8.840000e+02	-7.350000e-01	2.193000e+00
8.845000e+02	7.786000e-01	3.501000e+00
8.850000e+02	2.045000e+00	4.236000e+00
8.855000e+02	3.147000e+00	4.330000e+00
8.860000e+02	3.977000e+00	3.990000e+00
8.865000e+02	4.550000e+00	3.422000e+00
8.870000e+02	4.894000e+00	2.734000e+00
8.875000e+02	4.945000e+00	1.999000e+00
8.880000e+02	4.840000e+00	1.269000e+00
8.885000e+02	4.582000e+00	5.401000e-01
8.890000e+02	4.210000e+00	-1.690000e-01
8.895000e+02	3.771000e+00	-6.840000e-01
8.900000e+02	3.226000e+00	-7.367000e-01
8.905000e+02	2.593000e+00	-2.284000e-01
8.910000e+02	1.902000e+00	6.115000e-01
8.915000e+02	1.127000e+00	1.357000e+00
8.920000e+02	2.883000e-01	1.626000e+00
8.925000e+02	-6.393000e-01	1.222000e+00
8.930000e+02	-1.655000e+00	1.797000e-01
8.935000e+02	-2.703000e+00	-1.222000e+00
8.940000e+02	-3.746000e+00	-2.549000e+00
8.945000e+02	-4.688000e+00	-3.444000e+00
8.950000e+02	-5.460000e+00	-3.840000e+00
8.955000e+02	-5.962000e+00	-3.915000e+00
8.960000e+02	-6.148000e+00	-3.849000e+00
8.965000e+02	-5.962000e+00	-3.646000e+00
8.970000e+02	-5.401000e+00	-3.170000e+00
8.975000e+02	-4.587000e+00	-2.338000e+00
8.980000e+02	-3.470000e+00	-1.243000e+00
8.985000e+02	-2.229000e+00	-1.098000e-01
8.990000e+02	-8.906000e-01	8.910000e-01
8.995000e+02	5.147000e-01	1.770000e+00
9.000000e+02	1.780000e+00	2.660000e+00
9.005000e+02	2.951000e+00	3.613000e+00
9.010000e+02	3.832000e+00	4.488000e+00
9.015000e+02	4.412000e+00	5.038000e+00
9.020000e+02	4.714000e+00	5.066000e+00
9.025000e+02	4.652000e+00	4.511000e+00
9.030000e+02	4.338000e+00	3.437000e+00
9.035000e+02	3.700000e+00	2.018000e+00
9.040000e+02	2.803000e+00	4.891000e-01
9.045000e+02	1.762000e+00	-9.558000e-01
9.050000e+02	6.194000e-01	-2.216000e+00
9.055000e+02	-4.335000e-01	-3.209000e+00
9.060000e+02	-1.366000e+00	-3.785000e+00
9.065000e+02	-2.139000e+00	-3.795000e+00
9.070000e+02	-2.681000e+00	-3.245000e+00
9.075000e+02	-3.065000e+00	-2.314000e+00
9.080000e+02	-3.256000e+00	-1.261000e+00
9.085000e+02	-3.244000e+00	-3.449000e-01
9.090000e+02	-3.141000e+00	1.896000e-01
9.095000e+02	-2.873000e+00	1.959000e-01
9.100000e+02	-2.562000e+00	-2.530000e-01
9.105000e+02	-2.168000e+00	-8.947000e-01
9.110000e+02	-1.676000e+00	-1.453000e+00
9.115000e+02	-1.109000e+00	-1.729000e+00
9.120000e+02	-3.641000e-01	-1.555000e+00
9.125000e+02	4.647000e-01	-8.222000e-01
9.130000e+02	1.423000e+00	3.553000e-01
9.135000e+02	2.431000e+00	1.652000e+00
9.140000e+02	3.370000e+00	2.812000e+00
9.145000e+02	4.202000e+00	3.808000e+00
9.150000e+02	4.782000e+00	4.588000e+00
9.155000e+02	5.103000e+00	4.812000e+00
9.160000e+02	5.147000e+00	4.119000e+00
9.165000e+02	4.878000e+00	2.644000e+00
9.170000e+02	4.343000e+00	1.014000e+00
9.175000e+02	3.507000e+00	-2.565000e-01
9.180000e+02	2.492000e+00	-1.179000e+00
9.185000e+02	1.321000e+00	-1.986000e+00
9.190000e+02	9.105000e-02	-2.670000e+00
9.195000e+02	-1.062000e+00	-3.046000e+00
9.200000e+02	-2.149000e+00	-3.118000e+00
9.205000e+02	-3.073000e+00	-3.110000e+00
9.210000e+02	-3.828000e+00	-3.123000e+00
9.215000e+02	-4.406000e+00	-2.997000e+00
9.220000e+02	-4.739000e+00	-2.566000e+00
9.225000e+02	-4.762000e+00	-1.897000e+00
9.230000e+02	-4.543000e+00	-1.184000e+00
9.235000e+02	-4.041000e+00	-5.343000e-01
9.240000e+02	-3.374000e+00	7.795000e-02
9.245000e+02	-2.579000e+00	7.149000e-01
9.250000e+02	-1.679000e+00	1.389000e+00
9.255000e+02	-8.062000e-01	1.988000e+00
9.260000e+02	1.025000e-01	2.261000e+00
9.265000e+02	9.317000e-01	2.033000e+00
9.270000e+02	1.726000e+00	1.517000e+00
9.275000e+02	2.481000e+00	1.256000e+00
9.280000e+02	3.119000e+00	1.603000e+00
9.285000e+02	3.709000e+00	2.300000e+00
9.290000e+02	4.162000e+00	2.743000e+00
9.295000e+02	4.494000e+00	2.626000e+00
9.300000e+02	4.690000e+00	2.183000e+00
9.305000e+02	4.677000e+00	1.807000e+00
9.310000e+02	4.478000e+00	1.624000e+00
9.315000e+02	4.024000e+00	1.497000e+00
9.320000e+02	3.310000e+00	1.247000e+00
9.325000e+02	2.403000e+00	7.373000e-01
9.330000e+02	1.250000e+00	-1.801000e-01
9.335000e+02	-2.747000e-02	-1.577000e+00
9.340000e+02	-1.382000e+00	-3.282000e+00
9.345000e+02	-2.745000e+00	-4.890000e+00
9.350000e+02	-3.929000e+00	-6.001000e+00
9.355000e+02	-4.827000e+00	-6.409000e+00
9.360000e+02	-5.354000e+00	-6.106000e+00
9.365000e+02	-5.376000e+00	-5.189000e+00
9.370000e+02	-4.973000e+00	-3.841000e+00
9.375000e+02	-4.233000e+00	-2.333000e+00
9.380000e+02	-3.180000e+00	-9.369000e-01
9.385000e+02	-1.991000e+00	2.637000e-01
9.390000e+02	-6.801000e-01	1.436000e+00
9.395000e+02	5.847000e-01	2.784000e+00
9.400000e+02	1.761000e+00	4.228000e+00
9.405000e+02	2.797000e+00	5.351000e+00
9.410000e+02	3.630000e+00	5.756000e+00
9.415000e+02	4.233000e+00	5.472000e+00
9.420000e+02	4.557000e+00	4.932000e+00
9.425000e+02	4.624000e+00	4.540000e+00
9.430000e+02	4.450000e+00	4.330000e+00
9.435000e+02	4.054000e+00	4.049000e+00
9.440000e+02	3.437000e+00	3.433000e+00
9.445000e+02	2.534000e+00	2.318000e+00
9.450000e+02	1.450000e+00	6.487000e-01
9.455000e+02	1.292000e-01	-1.425000e+00
9.460000e+02	-1.296000e+00	-3.478000e+00
9.465000e+02	-2.727000e+00	-5.043000e+00
9.470000e+02	-4.124000e+00	-5.975000e+00
9.475000e+02	-5.264000e+00	-6.463000e+00
9.480000e+02	-6.106000e+00	-6.617000e+00
9.485000e+02	-6.523000e+00	-6.212000e+00
9.490000e+02	-6.454000e+00	-4.966000e+00
9.495000e+02	-5.960000e+00	-3.021000e+00
9.500000e+02	-5.084000e+00	-9.796000e-01
9.505000e+02	-3.996000e+00	5.277000e-01
9.510000e+02	-2.714000e+00	1.257000e+00
9.515000e+02	-1.447000e+00	1.391000e+00
9.520000e+02	-1.646000e-01	1.324000e+00
9.525000e+02	1.022000e+00	1.409000e+00
9.530000e+02	2.063000e+00	1.762000e+00
9.535000e+02	3.060000e+00	2.212000e+00
9.540000e+02	3.889000e+00	2.501000e+00
9.545000e+02	4.650000e+00	2.568000e+00
9.550000e+02	5.263000e+00	2.610000e+00
9.555000e+02	5.674000e+00	2.816000e+00
9.560000e+02	5.935000e+00	3.089000e+00
9.565000e+02	5.945000e+00	3.117000e+00
9.570000e+02	5.754000e+00	2.698000e+00
9.575000e+02	5.311000e+00	1.950000e+00
9.580000e+02	4.612000e+00	1.186000e+00
9.585000e+02	3.674000e+00	6.122000e-01
9.590000e+02	2.522000e+00	1.654000e-01
9.595000e+02	1.230000e+00	-3.748000e-01
9.600000e+02	-1.412000e-01	-1.127000e+00
9.605000e+02	-1.532000e+00	-1.975000e+00
9.610000e+02	-2.880000e+00	-2.695000e+00
9.615000e+02	-4.118000e+00	-3.173000e+00
9.620000e+02	-5.170000e+00	-3.448000e+00
9.625000e+02	-5.992000e+00	-3.560000e+00
9.630000e+02	-6.512000e+00	-3.441000e+00
9.635000e+02	-6.662000e+00	-3.028000e+00
9.640000e+02	-6.487000e+00	-2.406000e+00
9.645000e+02	-5.913000e+00	-1.756000e+00
9.650000e+02	-5.043000e+00	-1.153000e+00
9.655000e+02	-3.968000e+00	-4.929000e-01
9.660000e+02	-2.696000e+00	3.533000e-01
9.665000e+02	-1.377000e+00	1.340000e+00
9.670000e+02	-6.248000e-02	2.215000e+00
9.675000e+02	1.198000e+00	2.695000e+00
9.680000e+02	2.306000e+00	2.690000e+00
9.685000e+02	3.265000e+00	2.384000e+00
9.690000e+02	4.046000e+00	2.075000e+00
9.695000e+02	4.621000e+00	1.898000e+00
9.700000e+02	5.016000e+00	1.757000e+00
9.705000e+02	5.200000e+00	1.543000e+00
9.710000e+02	5.186000e+00	1.316000e+00
9.715000e+02	4.971000e+00	1.168000e+00
9.720000e+02	4.557000e+00	9.519000e-01
9.725000e+02	3.975000e+00	3.787000e-01
9.730000e+02	3.250000e+00	-5.680000e-01
9.735000e+02	2.429000e+00	-1.477000e+00
9.740000e+02	1.557000e+00	-1.884000e+00
9.745000e+02	6.696000e-01	-1.708000e+00
9.750000e+02	-1.934000e-01	-1.215000e+00
9.755000e+02	-1.003000e+00	-6.543000e-01
9.760000e+02	-1.739000e+00	-1.216000e-01
9.765000e+02	-2.389000e+00	2.874000e-01
9.770000e+02	-2.982000e+00	4.132000e-01
9.775000e+02	-3.528000e+00	2.034000e-01
9.780000e+02	-4.014000e+00	-1.995000e-01
9.785000e+02	-4.407000e+00	-6.367000e-01
9.790000e+02	-4.651000e+00	-1.095000e+00
9.795000e+02	-4.707000e+00	-1.587000e+00
9.800000e+02	-4.549000e+00	-1.946000e+00
9.805000e+02	-4.176000e+00	-1.876000e+00
9.810000e+02	-3.614000e+00	-1.238000e+00
9.815000e+02	-2.917000e+00	-2.473000e-01
9.820000e+02	-2.141000e+00	6.084000e-01
9.825000e+02	-1.327000e+00	8.750000e-01
9.830000e+02	-4.901000e-01	4.471000e-01
9.835000e+02	3.601000e-01	-3.332000e-01
9.840000e+02	1.207000e+00	-9.066000e-01
9.845000e+02	2.030000e+00	-8.932000e-01
9.850000e+02	2.808000e+00	-2.850000e-01
9.855000e+02	3.535000e+00	6.994000e-01
9.860000e+02	4.180000e+00	1.805000e+00
9.865000e+02	4.693000e+00	2.731000e+00
9.870000e+02	5.011000e+00	3.115000e+00
9.875000e+02	5.088000e+00	2.769000e+00
9.880000e+02	4.917000e+00	1.946000e+00
9.885000e+02	4.517000e+00	1.179000e+00
9.890000e+02	3.933000e+00	7.937000e-01
9.895000e+02	3.204000e+00	6.648000e-01
9.900000e+02	2.373000e+00	4.846000e-01
9.905000e+02	1.483000e+00	1.264000e-01
9.910000e+02	5.715000e-01	-3.093000e-01
9.915000e+02	-3.316000e-01	-6.576000e-01
9.920000e+02	-1.214000e+00	-7.876000e-01
9.925000e+02	-2.072000e+00	-6.761000e-01
9.930000e+02	-2.886000e+00	-5.328000e-01
9.935000e+02	-3.630000e+00	-7.316000e-01
9.940000e+02	-4.268000e+00	-1.415000e+00
9.945000e+02	-4.765000e+00	-2.218000e+00
9.950000e+02	-5.093000e+00	-2.589000e+00
9.955000e+02	-5.223000e+00	-2.405000e+00
9.960000e+02	-5.136000e+00	-2.049000e+00
9.965000e+02	-4.820000e+00	-1.851000e+00
9.970000e+02	-4.284000e+00	-1.702000e+00
9.975000e+02	-3.561000e+00	-1.371000e+00
9.980000e+02	-2.686000e+00	-9.694000e-01
9.985000e+02	-1.694000e+00	-8.172000e-01
9.990000e+02	-6.042000e-01	-9.220000e-01
9.995000e+02	5.670000e-01	-8.811000e-01
1.000000e+03	1.800000e+00	-3.595000e-01
1.000500e+03	3.061000e+00	5.482000e-01
1.001000e+03	4.294000e+00	1.533000e+00
1.001500e+03	5.427000e+00	2.473000e+00
1.002000e+03	6.394000e+00	3.440000e+00
1.002500e+03	7.122000e+00	4.393000e+00
1.003000e+03	7.539000e+00	5.095000e+00
1.003500e+03	7.588000e+00	5.361000e+00
1.004000e+03	7.256000e+00	5.246000e+00
1.004500e+03	6.557000e+00	4.873000e+00
1.005000e+03	5.489000e+00	4.158000e+00
1.005500e+03	4.070000e+00	2.840000e+00
1.006000e+03	2.355000e+00	8.263000e-01
1.006500e+03	4.248000e-01	-1.574000e+00
1.007000e+03	-1.620000e+00	-3.804000e+00
1.007500e+03	-3.596000e+00	-5.438000e+00
1.008000e+03	-5.406000e+00	-6.384000e+00
1.008500e+03	-6.849000e+00	-6.794000e+00
1.009000e+03	-7.791000e+00	-6.839000e+00
1.009500e+03	-8.159000e+00	-6.575000e+00
1.010000e+03	-7.929000e+00	-5.919000e+00
1.010500e+03	-7.150000e+00	-4.741000e+00
1.011000e+03	-6.021000e+00	-3.049000e+00
1.011500e+03	-4.598000e+00	-1.127000e+00
1.012000e+03	-2.976000e+00	6.116000e-01
1.012500e+03	-1.388000e+00	2.009000e+00
1.013000e+03	2.270000e-01	3.311000e+00
1.013500e+03	1.590000e+00	4.766000e+00
1.014000e+03	2.639000e+00	6.122000e+00
1.014500e+03	3.399000e+00	6.742000e+00
1.015000e+03	3.789000e+00	6.288000e+00
1.015500e+03	3.900000e+00	5.101000e+00
1.016000e+03	3.701000e+00	3.773000e+00
1.016500e+03	3.230000e+00	2.519000e+00
1.017000e+03	2.520000e+00	1.174000e+00
1.017500e+03	1.618000e+00	-3.043000e-01
1.018000e+03	6.265000e-01	-1.624000e+00
1.018500e+03	-4.412000e-01	-2.490000e+00
1.019000e+03	-1.445000e+00	-2.877000e+00
1.019500e+03	-2.364000e+00	-2.858000e+00
1.020000e+03	-3.139000e+00	-2.391000e+00
1.020500e+03	-3.712000e+00	-1.487000e+00
1.021000e+03	-4.115000e+00	-4.831000e-01
1.021500e+03	-4.339000e+00	9.497000e-02
1.022000e+03	-4.432000e+00	-1.823000e-02
1.022500e+03	-4.413000e+00	-6.639000e-01
1.023000e+03	-4.292000e+00	-1.517000e+00
1.023500e+03	-4.069000e+00	-2.356000e+00
1.024000e+03	-3.681000e+00	-3.041000e+00
1.024500e+03	-3.169000e+00	-3.386000e+00
1.025000e+03	-2.457000e+00	-3.193000e+00
1.025500e+03	-1.514000e+00	-2.387000e+00
1.026000e+03	-4.368000e-01	-1.080000e+00
1.026500e+03	8.261000e-01	4.703000e-01
1.027000e+03	2.054000e+00	1.923000e+00
1.027500e+03	3.191000e+00	2.971000e+00
1.028000e+03	4.197000e+00	3.490000e+00
1.028500e+03	4.949000e+00	3.566000e+00
1.029000e+03	5.520000e+00	3.332000e+00
1.029500e+03	5.848000e+00	2.827000e+00
1.030000e+03	5.980000e+00	2.075000e+00
1.030500e+03	5.954000e+00	1.255000e+00
1.031000e+03	5.737000e+00	6.800000e-01
1.031500e+03	5.386000e+00	5.853000e-01
1.032000e+03	4.856000e+00	9.398000e-01
1.032500e+03	4.137000e+00	1.448000e+00
1.033000e+03	3.253000e+00	1.675000e+00
1.033500e+03	2.176000e+00	1.248000e+00
1.034000e+03	9.732000e-01	1.051000e-01
1.034500e+03	-3.249000e-01	-1.401000e+00
1.035000e+03	-1.655000e+00	-2.734000e+00
1.035500e+03	-2.899000e+00	-3.602000e+00
1.036000e+03	-4.003000e+00	-4.109000e+00
1.036500e+03	-4.801000e+00	-4.452000e+00
1.037000e+03	-5.235000e+00	-4.560000e+00
1.037500e+03	-5.276000e+00	-4.144000e+00
1.038000e+03	-4.890000e+00	-3.058000e+00
1.038500e+03	-4.259000e+00	-1.474000e+00
1.039000e+03	-3.395000e+00	2.869000e-01
1.039500e+03	-2.446000e+00	1.982000e+00
1.040000e+03	-1.486000e+00	3.418000e+00
1.040500e+03	-5.855000e-01	4.317000e+00
1.041000e+03	1.805000e-01	4.389000e+00
1.041500e+03	8.082000e-01	3.587000e+00
1.042000e+03	1.263000e+00	2.247000e+00
1.042500e+03	1.612000e+00	9.047000e-01
1.043000e+03	1.866000e+00	-3.037000e-02
1.043500e+03	2.038000e+00	-4.532000e-01
1.044000e+03	2.159000e+00	-4.993000e-01
1.044500e+03	2.221000e+00	-3.695000e-01
1.045000e+03	2.250000e+00	-2.189000e-01
1.045500e+03	2.239000e+00	-1.422000e-01
1.046000e+03	2.142000e+00	-1.823000e-01
1.046500e+03	1.951000e+00	-3.210000e-01
1.047000e+03	1.625000e+00	-4.829000e-01
1.047500e+03	1.220000e+00	-5.872000e-01
1.048000e+03	7.510000e-01	-6.104000e-01
1.048500e+03	2.445000e-01	-5.956000e-01
1.049000e+03	-2.319000e-01	-6.023000e-01
1.049500e+03	-6.839000e-01	-6.462000e-01
1.050000e+03	-1.052000e+00	-6.749000e-01
1.050500e+03	-1.367000e+00	-5.936000e-01
1.051000e+03	-1.586000e+00	-3.345000e-01
1.051500e+03	-1.729000e+00	6.914000e-02
1.052000e+03	-1.795000e+00	4.800000e-01
1.052500e+03	-1.758000e+00	7.605000e-01
1.053000e+03	-1.657000e+00	8.934000e-01
1.053500e+03	-1.492000e+00	9.808000e-01
1.054000e+03	-1.309000e+00	1.119000e+00
1.054500e+03	-1.141000e+00	1.282000e+00
1.055000e+03	-9.901000e-01	1.319000e+00
1.055500e+03	-8.776000e-01	1.049000e+00
1.056000e+03	-7.958000e-01	3.743000e-01
1.056500e+03	-7.427000e-01	-6.091000e-01
1.057000e+03	-7.126000e-01	-1.582000e+00
1.057500e+03	-6.741000e-01	-2.159000e+00
1.058000e+03	-6.175000e-01	-2.173000e+00
1.058500e+03	-5.199000e-01	-1.810000e+00
1.059000e+03	-3.759000e-01	-1.433000e+00
1.059500e+03	-1.978000e-01	-1.261000e+00
1.060000e+03	2.399000e-02	-1.267000e+00
1.060500e+03	2.731000e-01	-1.305000e+00
1.061000e+03	5.589000e-01	-1.230000e+00
1.061500e+03	8.856000e-01	-8.832000e-01
1.062000e+03	1.243000e+00	-1.208000e-01
1.062500e+03	1.623000e+00	1.006000e+00
1.063000e+03	1.987000e+00	2.180000e+00
1.063500e+03	2.283000e+00	3.045000e+00
1.064000e+03	2.456000e+00	3.492000e+00
1.064500e+03	2.451000e+00	3.610000e+00
1.065000e+03	2.243000e+00	3.395000e+00
1.065500e+03	1.842000e+00	2.681000e+00
1.066000e+03	1.270000e+00	1.442000e+00
1.066500e+03	5.646000e-01	2.090000e-02
1.067000e+03	-2.232000e-01	-1.111000e+00
1.067500e+03	-1.026000e+00	-1.779000e+00
1.068000e+03	-1.763000e+00	-2.178000e+00
1.068500e+03	-2.367000e+00	-2.522000e+00
1.069000e+03	-2.798000e+00	-2.751000e+00
1.069500e+03	-3.040000e+00	-2.644000e+00
1.070000e+03	-3.094000e+00	-2.135000e+00
1.070500e+03	-2.983000e+00	-1.415000e+00
1.071000e+03	-2.717000e+00	-7.320000e-01
1.071500e+03	-2.317000e+00	-1.467000e-01
1.072000e+03	-1.818000e+00	5.021000e-01
1.072500e+03	-1.267000e+00	1.384000e+00
1.073000e+03	-7.424000e-01	2.428000e+00
1.073500e+03	-2.995000e-01	3.277000e+00
1.074000e+03	1.758000e-02	3.530000e+00
1.074500e+03	1.851000e-01	3.050000e+00
1.075000e+03	1.887000e-01	2.035000e+00
1.075500e+03	1.927000e-02	7.779000e-01
1.076000e+03	-2.998000e-01	-5.669000e-01
1.076500e+03	-7.062000e-01	-1.937000e+00
1.077000e+03	-1.121000e+00	-3.180000e+00
1.077500e+03	-1.445000e+00	-4.044000e+00
1.078000e+03	-1.598000e+00	-4.364000e+00
1.078500e+03	-1.552000e+00	-4.154000e+00
1.079000e+03	-1.307000e+00	-3.496000e+00
1.079500e+03	-8.942000e-01	-2.459000e+00
1.080000e+03	-3.416000e-01	-1.199000e+00
1.080500e+03	2.662000e-01	-2.719000e-02
1.081000e+03	9.362000e-01	7.897000e-01
1.081500e+03	1.558000e+00	1.305000e+00
1.082000e+03	2.107000e+00	1.842000e+00
1.082500e+03	2.572000e+00	2.622000e+00
1.083000e+03	2.857000e+00	3.515000e+00
1.083500e+03	3.021000e+00	4.195000e+00
1.084000e+03	3.012000e+00	4.452000e+00
1.084500e+03	2.831000e+00	4.300000e+00
1.085000e+03	2.506000e+00	3.854000e+00
1.085500e+03	1.979000e+00	3.187000e+00
1.086000e+03	1.294000e+00	2.305000e+00
1.086500e+03	4.566000e-01	1.177000e+00
1.087000e+03	-5.236000e-01	-1.847000e-01
1.087500e+03	-1.557000e+00	-1.613000e+00
1.088000e+03	-2.606000e+00	-2.812000e+00
1.088500e+03	-3.622000e+00	-3.578000e+00
1.089000e+03	-4.443000e+00	-3.999000e+00
1.089500e+03	-5.085000e+00	-4.292000e+00
1.090000e+03	-5.444000e+00	-4.446000e+00
1.090500e+03	-5.490000e+00	-4.179000e+00
1.091000e+03	-5.241000e+00	-3.327000e+00
1.091500e+03	-4.676000e+00	-2.163000e+00
1.092000e+03	-3.888000e+00	-1.160000e+00
1.092500e+03	-2.914000e+00	-4.805000e-01
1.093000e+03	-1.842000e+00	1.320000e-01
1.093500e+03	-7.512000e-01	9.379000e-01
1.094000e+03	3.360000e-01	1.821000e+00
1.094500e+03	1.292000e+00	2.405000e+00
1.095000e+03	2.135000e+00	2.439000e+00
1.095500e+03	2.844000e+00	1.983000e+00
1.096000e+03	3.411000e+00	1.293000e+00
1.096500e+03	3.894000e+00	6.361000e-01
1.097000e+03	4.256000e+00	2.078000e-01
1.097500e+03	4.540000e+00	1.148000e-01
1.098000e+03	4.753000e+00	3.680000e-01
1.098500e+03	4.881000e+00	9.092000e-01
1.099000e+03	4.929000e+00	1.632000e+00
1.099500e+03	4.835000e+00	2.359000e+00
1.100000e+03	4.581000e+00	2.835000e+00
1.100500e+03	4.138000e+00	2.852000e+00
1.101000e+03	3.461000e+00	2.405000e+00
1.101500e+03	2.607000e+00	1.701000e+00
1.102000e+03	1.544000e+00	9.759000e-01
1.102500e+03	3.360000e-01	3.222000e-01
1.103000e+03	-9.762000e-01	-3.463000e-01
1.103500e+03	-2.347000e+00	-1.205000e+00
1.104000e+03	-3.677000e+00	-2.376000e+00
1.104500e+03	-4.892000e+00	-3.747000e+00
1.105000e+03	-5.876000e+00	-4.898000e+00
1.105500e+03	-6.564000e+00	-5.317000e+00
1.106000e+03	-6.838000e+00	-4.820000e+00
1.106500e+03	-6.699000e+00	-3.744000e+00
1.107000e+03	-6.136000e+00	-2.625000e+00
1.107500e+03	-5.178000e+00	-1.717000e+00
1.108000e+03	-4.000000e+00	-8.717000e-01
1.108500e+03	-2.605000e+00	1.108000e-01
1.109000e+03	-1.155000e+00	1.170000e+00
1.109500e+03	2.351000e-01	2.060000e+00
1.110000e+03	1.573000e+00	2.620000e+00
1.110500e+03	2.691000e+00	2.902000e+00
1.111000e+03	3.656000e+00	3.057000e+00
1.111500e+03	4.390000e+00	3.197000e+00
1.112000e+03	4.855000e+00	3.309000e+00
1.112500e+03	5.139000e+00	3.250000e+00
1.113000e+03	5.154000e+00	2.847000e+00
1.113500e+03	4.988000e+00	2.089000e+00
1.114000e+03	4.602000e+00	1.217000e+00
1.114500e+03	3.996000e+00	5.280000e-01
1.115000e+03	3.234000e+00	7.477000e-02
1.115500e+03	2.334000e+00	-3.492000e-01
1.116000e+03	1.370000e+00	-8.994000e-01
1.116500e+03	3.495000e-01	-1.452000e+00
1.117000e+03	-6.580000e-01	-1.756000e+00
1.117500e+03	-1.654000e+00	-1.755000e+00
1.118000e+03	-2.592000e+00	-1.638000e+00
1.118500e+03	-3.412000e+00	-1.614000e+00
1.119000e+03	-4.081000e+00	-1.722000e+00
1.119500e+03	-4.546000e+00	-1.864000e+00
1.120000e+03	-4.829000e+00	-1.911000e+00
1.120500e+03	-4.883000e+00	-1.716000e+00
1.121000e+03	-4.749000e+00	-1.161000e+00
1.121500e+03	-4.424000e+00	-3.089000e-01
1.122000e+03	-3.885000e+00	5.043000e-01
1.122500e+03	-3.231000e+00	8.954000e-01
1.123000e+03	-2.445000e+00	8.056000e-01
1.123500e+03	-1.618000e+00	5.866000e-01
1.124000e+03	-7.977000e-01	6.544000e-01
1.124500e+03	1.660000e-02	1.068000e+00
1.125000e+03	7.460000e-01	1.475000e+00
1.125500e+03	1.405000e+00	1.433000e+00
1.126000e+03	1.962000e+00	7.653000e-01
1.126500e+03	2.397000e+00	-3.407000e-01
1.127000e+03	2.741000e+00	-1.450000e+00
1.127500e+03	2.974000e+00	-2.105000e+00
1.128000e+03	3.147000e+00	-2.078000e+00
1.128500e+03	3.294000e+00	-1.502000e+00
1.129000e+03	3.435000e+00	-7.507000e-01
1.129500e+03	3.585000e+00	-9.682000e-02
1.130000e+03	3.680000e+00	5.163000e-01
1.130500e+03	3.681000e+00	1.309000e+00
1.131000e+03	3.534000e+00	2.302000e+00
1.131500e+03	3.215000e+00	3.191000e+00
1.132000e+03	2.742000e+00	3.617000e+00
1.132500e+03	2.116000e+00	3.476000e+00
1.133000e+03	1.347000e+00	2.922000e+00
1.133500e+03	4.313000e-01	2.104000e+00
1.134000e+03	-6.188000e-01	1.037000e+00
1.134500e+03	-1.743000e+00	-2.564000e-01
1.135000e+03	-2.861000e+00	-1.564000e+00
1.135500e+03	-3.869000e+00	-2.548000e+00
1.136000e+03	-4.701000e+00	-3.009000e+00
1.136500e+03	-5.311000e+00	-3.047000e+00
1.137000e+03	-5.658000e+00	-2.922000e+00
1.137500e+03	-5.692000e+00	-2.774000e+00
1.138000e+03	-5.453000e+00	-2.534000e+00
1.138500e+03	-4.911000e+00	-2.108000e+00
1.139000e+03	-4.100000e+00	-1.594000e+00
1.139500e+03	-3.116000e+00	-1.224000e+00
1.140000e+03	-1.952000e+00	-1.057000e+00
1.140500e+03	-7.353000e-01	-8.344000e-01
1.141000e+03	5.163000e-01	-2.168000e-01
1.141500e+03	1.719000e+00	8.354000e-01
1.142000e+03	2.795000e+00	1.972000e+00
1.142500e+03	3.760000e+00	2.758000e+00
1.143000e+03	4.485000e+00	3.025000e+00
1.143500e+03	5.020000e+00	2.936000e+00
1.144000e+03	5.312000e+00	2.766000e+00
1.144500e+03	5.325000e+00	2.660000e+00
1.145000e+03	5.108000e+00	2.522000e+00
1.145500e+03	4.606000e+00	2.103000e+00
1.146000e+03	3.907000e+00	1.208000e+00
1.146500e+03	3.041000e+00	-9.437000e-02
1.147000e+03	2.027000e+00	-1.450000e+00
1.147500e+03	1.016000e+00	-2.417000e+00
1.148000e+03	-5.347000e-02	-2.724000e+00
1.148500e+03	-1.032000e+00	-2.380000e+00
1.149000e+03	-1.900000e+00	-1.622000e+00
1.149500e+03	-2.670000e+00	-7.905000e-01
1.150000e+03	-3.252000e+00	-1.721000e-01
1.150500e+03	-3.745000e+00	1.477000e-01
1.151000e+03	-4.083000e+00	2.865000e-01
1.151500e+03	-4.331000e+00	3.628000e-01
1.152000e+03	-4.456000e+00	3.208000e-01
1.152500e+03	-4.433000e+00	4.549000e-02
1.153000e+03	-4.314000e+00	-3.800000e-01
1.153500e+03	-4.049000e+00	-6.941000e-01
1.154000e+03	-3.685000e+00	-7.939000e-01
1.154500e+03	-3.200000e+00	-9.060000e-01
1.155000e+03	-2.583000e+00	-1.286000e+00
1.155500e+03	-1.873000e+00	-1.815000e+00
1.156000e+03	-1.064000e+00	-2.059000e+00
1.156500e+03	-1.768000e-01	-1.715000e+00
1.157000e+03	7.682000e-01	-8.927000e-01
1.157500e+03	1.755000e+00	7.058000e-02
1.158000e+03	2.725000e+00	9.224000e-01
1.158500e+03	3.636000e+00	1.602000e+00
1.159000e+03	4.426000e+00	2.163000e+00
1.159500e+03	5.024000e+00	2.686000e+00
1.160000e+03	5.390000e+00	3.201000e+00
1.160500e+03	5.473000e+00	3.603000e+00
1.161000e+03	5.292000e+00	3.688000e+00
1.161500e+03	4.859000e+00	3.304000e+00
1.162000e+03	4.193000e+00	2.441000e+00
1.162500e+03	3.324000e+00	1.174000e+00
1.163000e+03	2.283000e+00	-3.314000e-01
1.163500e+03	1.143000e+00	-1.695000e+00
1.164000e+03	-1.933000e-02	-2.383000e+00
1.164500e+03	-1.124000e+00	-2.156000e+00
1.165000e+03	-2.118000e+00	-1.449000e+00
1.165500e+03	-2.969000e+00	-1.052000e+00
1.166000e+03	-3.663000e+00	-1.352000e+00
1.166500e+03	-4.197000e+00	-2.046000e+00
1.167000e+03	-4.514000e+00	-2.629000e+00
1.167500e+03	-4.665000e+00	-2.936000e+00
1.168000e+03	-4.539000e+00	-3.041000e+00
1.168500e+03	-4.165000e+00	-2.876000e+00
1.169000e+03	-3.574000e+00	-2.278000e+00
1.169500e+03	-2.727000e+00	-1.372000e+00
1.170000e+03	-1.740000e+00	-5.612000e-01
1.170500e+03	-6.836000e-01	-1.576000e-02
1.171000e+03	4.068000e-01	5.601000e-01
1.171500e+03	1.430000e+00	1.471000e+00
1.172000e+03	2.374000e+00	2.508000e+00
1.172500e+03	3.229000e+00	3.127000e+00
1.173000e+03	3.923000e+00	3.074000e+00
1.173500e+03	4.483000e+00	2.622000e+00
1.174000e+03	4.854000e+00	2.179000e+00
1.174500e+03	5.034000e+00	1.867000e+00
1.175000e+03	5.032000e+00	1.573000e+00
1.175500e+03	4.833000e+00	1.229000e+00
1.176000e+03	4.486000e+00	8.935000e-01
1.176500e+03	3.947000e+00	6.161000e-01
1.177000e+03	3.253000e+00	3.661000e-01
1.177500e+03	2.409000e+00	9.519000e-02
1.178000e+03	1.403000e+00	-2.287000e-01
1.178500e+03	3.575000e-01	-6.492000e-01
1.179000e+03	-7.408000e-01	-1.187000e+00
1.179500e+03	-1.818000e+00	-1.754000e+00
1.180000e+03	-2.785000e+00	-2.177000e+00
1.180500e+03	-3.663000e+00	-2.348000e+00
1.181000e+03	-4.338000e+00	-2.282000e+00
1.181500e+03	-4.777000e+00	-1.988000e+00
1.182000e+03	-5.004000e+00	-1.364000e+00
1.182500e+03	-4.953000e+00	-3.536000e-01
1.183000e+03	-4.724000e+00	8.184000e-01
1.183500e+03	-4.315000e+00	1.687000e+00
1.184000e+03	-3.773000e+00	1.916000e+00
1.184500e+03	-3.186000e+00	1.577000e+00
1.185000e+03	-2.543000e+00	1.013000e+00
1.185500e+03	-1.901000e+00	4.643000e-01
1.186000e+03	-1.250000e+00	-8.409000e-02
1.186500e+03	-5.715000e-01	-6.891000e-01
1.187000e+03	1.197000e-01	-1.214000e+00
1.187500e+03	8.591000e-01	-1.393000e+00
1.188000e+03	1.612000e+00	-1.102000e+00
1.188500e+03	2.336000e+00	-4.893000e-01
1.189000e+03	2.993000e+00	1.637000e-01
1.189500e+03	3.511000e+00	6.723000e-01
1.190000e+03	3.869000e+00	1.001000e+00
1.190500e+03	4.030000e+00	1.145000e+00
1.191000e+03	3.976000e+00	1.026000e+00
1.191500e+03	3.730000e+00	5.603000e-01
1.192000e+03	3.313000e+00	-1.876000e-01
1.192500e+03	2.789000e+00	-9.667000e-01
1.193000e+03	2.217000e+00	-1.490000e+00
1.193500e+03	1.649000e+00	-1.631000e+00
1.194000e+03	1.124000e+00	-1.424000e+00
1.194500e+03	6.535000e-01	-8.993000e-01
1.195000e+03	2.369000e-01	-1.553000e-02
1.195500e+03	-1.496000e-01	1.144000e+00
1.196000e+03	-5.309000e-01	2.181000e+00
1.196500e+03	-9.290000e-01	2.580000e+00
1.197000e+03	-1.342000e+00	2.179000e+00
1.197500e+03	-1.760000e+00	1.360000e+00
1.198000e+03	-2.169000e+00	6.833000e-01
1.198500e+03	-2.555000e+00	3.829000e-01
1.199000e+03	-2.894000e+00	3.001000e-01
1.199500e+03	-3.167000e+00	2.235000e-01
1.200000e+03	-3.353000e+00	1.095000e-01
1.200500e+03	-3.431000e+00	-4.194000e-02
1.201000e+03	-3.409000e+00	-3.293000e-01
1.201500e+03	-3.304000e+00	-8.253000e-01
1.202000e+03	-3.147000e+00	-1.397000e+00
1.202500e+03	-2.942000e+00	-1.812000e+00
1.203000e+03	-2.668000e+00	-2.017000e+00
1.203500e+03	-2.291000e+00	-2.199000e+00
1.204000e+03	-1.779000e+00	-2.524000e+00
1.204500e+03	-1.111000e+00	-2.873000e+00
1.205000e+03	-2.852000e-01	-2.870000e+00
1.205500e+03	6.667000e-01	-2.147000e+00
1.206000e+03	1.680000e+00	-6.069000e-01
1.206500e+03	2.664000e+00	1.474000e+00
1.207000e+03	3.517000e+00	3.548000e+00
1.207500e+03	4.146000e+00	5.058000e+00
1.208000e+03	4.471000e+00	5.704000e+00
1.208500e+03	4.435000e+00	5.494000e+00
1.209000e+03	4.028000e+00	4.594000e+00
1.209500e+03	3.292000e+00	3.192000e+00
1.210000e+03	2.290000e+00	1.506000e+00
1.210500e+03	1.077000e+00	-1.968000e-01
1.211000e+03	-2.614000e-01	-1.714000e+00
1.211500e+03	-1.620000e+00	-3.012000e+00
1.212000e+03	-2.869000e+00	-4.134000e+00
1.212500e+03	-3.882000e+00	-4.982000e+00
1.213000e+03	-4.588000e+00	-5.306000e+00
1.213500e+03	-4.930000e+00	-4.943000e+00
1.214000e+03	-4.895000e+00	-3.995000e+00
1.214500e+03	-4.555000e+00	-2.723000e+00
1.215000e+03	-3.868000e+00	-1.334000e+00
1.215500e+03	-2.998000e+00	5.621000e-02
1.216000e+03	-1.993000e+00	1.305000e+00
1.216500e+03	-9.544000e-01	2.197000e+00
1.217000e+03	8.817000e-03	2.568000e+00
1.217500e+03	8.923000e-01	2.431000e+00
1.218000e+03	1.651000e+00	1.968000e+00
1.218500e+03	2.343000e+00	1.443000e+00
1.219000e+03	2.932000e+00	1.115000e+00
1.219500e+03	3.459000e+00	1.153000e+00
1.220000e+03	3.928000e+00	1.550000e+00
1.220500e+03	4.311000e+00	2.133000e+00
1.221000e+03	4.637000e+00	2.697000e+00
1.221500e+03	4.827000e+00	3.125000e+00
1.222000e+03	4.804000e+00	3.350000e+00
1.222500e+03	4.576000e+00	3.244000e+00
1.223000e+03	4.028000e+00	2.651000e+00
1.223500e+03	3.214000e+00	1.554000e+00
1.224000e+03	2.180000e+00	1.574000e-01
1.224500e+03	9.101000e-01	-1.274000e+00
1.225000e+03	-4.549000e-01	-2.609000e+00
1.225500e+03	-1.905000e+00	-3.845000e+00
1.226000e+03	-3.304000e+00	-4.927000e+00
1.226500e+03	-4.505000e+00	-5.678000e+00
1.227000e+03	-5.438000e+00	-5.908000e+00
1.227500e+03	-5.958000e+00	-5.537000e+00
1.228000e+03	-6.052000e+00	-4.601000e+00
1.228500e+03	-5.755000e+00	-3.212000e+00
1.229000e+03	-5.058000e+00	-1.565000e+00
1.229500e+03	-4.124000e+00	6.900000e-02
1.230000e+03	-3.000000e+00	1.465000e+00
1.230500e+03	-1.817000e+00	2.534000e+00
1.231000e+03	-6.529000e-01	3.239000e+00
1.231500e+03	4.348000e-01	3.476000e+00
1.232000e+03	1.379000e+00	3.189000e+00
1.232500e+03	2.212000e+00	2.598000e+00
1.233000e+03	2.863000e+00	2.151000e+00
1.233500e+03	3.385000e+00	2.110000e+00
1.234000e+03	3.762000e+00	2.256000e+00
1.234500e+03	3.982000e+00	2.162000e+00
1.235000e+03	4.088000e+00	1.693000e+00
1.235500e+03	4.032000e+00	1.109000e+00
1.236000e+03	3.845000e+00	6.872000e-01
1.236500e+03	3.521000e+00	4.277000e-01
1.237000e+03	3.018000e+00	2.037000e-01
1.237500e+03	2.434000e+00	2.192000e-02
1.238000e+03	1.697000e+00	-2.795000e-02
1.238500e+03	8.638000e-01	-8.834000e-03
1.239000e+03	-1.105000e-02	-1.440000e-01
1.239500e+03	-9.772000e-01	-5.677000e-01
1.240000e+03	-1.903000e+00	-1.180000e+00
1.240500e+03	-2.805000e+00	-1.777000e+00
1.241000e+03	-3.617000e+00	-2.227000e+00
1.241500e+03	-4.280000e+00	-2.498000e+00
1.242000e+03	-4.784000e+00	-2.588000e+00
1.242500e+03	-5.077000e+00	-2.516000e+00
1.243000e+03	-5.110000e+00	-2.309000e+00
1.243500e+03	-4.897000e+00	-1.963000e+00
1.244000e+03	-4.445000e+00	-1.448000e+00
1.244500e+03	-3.792000e+00	-7.863000e-01
1.245000e+03	-2.994000e+00	-9.366000e-02
1.245500e+03	-2.064000e+00	5.252000e-01
1.246000e+03	-1.067000e+00	1.057000e+00
1.246500e+03	-4.455000e-02	1.500000e+00
1.247000e+03	9.616000e-01	1.766000e+00
1.247500e+03	1.899000e+00	1.757000e+00
1.248000e+03	2.744000e+00	1.555000e+00
1.248500e+03	3.455000e+00	1.419000e+00
1.249000e+03	4.020000e+00	1.535000e+00
1.249500e+03	4.431000e+00	1.826000e+00
1.250000e+03	4.673000e+00	2.031000e+00
1.250500e+03	4.725000e+00	1.936000e+00
1.251000e+03	4.570000e+00	1.519000e+00
1.251500e+03	4.198000e+00	9.102000e-01
1.252000e+03	3.626000e+00	2.750000e-01
1.252500e+03	2.888000e+00	-2.941000e-01
1.253000e+03	2.043000e+00	-8.026000e-01
1.253500e+03	1.148000e+00	-1.269000e+00
1.254000e+03	2.415000e-01	-1.631000e+00
1.254500e+03	-6.482000e-01	-1.784000e+00
1.255000e+03	-1.505000e+00	-1.735000e+00
1.255500e+03	-2.296000e+00	-1.639000e+00
1.256000e+03	-2.982000e+00	-1.646000e+00
1.256500e+03	-3.523000e+00	-1.751000e+00
1.257000e+03	-3.892000e+00	-1.838000e+00
1.257500e+03	-4.064000e+00	-1.801000e+00
1.258000e+03	-4.028000e+00	-1.541000e+00
1.258500e+03	-3.791000e+00	-9.348000e-01
1.259000e+03	-3.365000e+00	3.411000e-02
1.259500e+03	-2.785000e+00	1.111000e+00
1.260000e+03	-2.091000e+00	1.878000e+00
1.260500e+03	-1.337000e+00	2.112000e+00
1.261000e+03	-5.696000e-01	1.973000e+00
1.261500e+03	1.713000e-01	1.795000e+00
1.262000e+03	8.602000e-01	1.785000e+00
1.262500e+03	1.491000e+00	1.930000e+00
1.263000e+03	2.048000e+00	2.075000e+00
1.263500e+03	2.512000e+00	1.991000e+00
1.264000e+03	2.857000e+00	1.506000e+00
1.264500e+03	3.057000e+00	7.386000e-01
1.265000e+03	3.098000e+00	1.075000e-01
1.265500e+03	2.976000e+00	-9.096000e-02
1.266000e+03	2.702000e+00	-1.018000e-01
1.266500e+03	2.295000e+00	-4.671000e-01
1.267000e+03	1.775000e+00	-1.313000e+00
1.267500e+03	1.165000e+00	-2.116000e+00
1.268000e+03	4.953000e-01	-2.322000e+00
1.268500e+03	-2.075000e-01	-2.028000e+00
1.269000e+03	-9.036000e-01	-1.818000e+00
1.269500e+03	-1.549000e+00	-2.021000e+00
1.270000e+03	-2.094000e+00	-2.401000e+00
1.270500e+03	-2.504000e+00	-2.562000e+00
1.271000e+03	-2.762000e+00	-2.390000e+00
1.271500e+03	-2.858000e+00	-1.990000e+00
1.272000e+03	-2.782000e+00	-1.423000e+00
1.272500e+03	-2.514000e+00	-7.091000e-01
1.273000e+03	-2.055000e+00	4.407000e-02
1.273500e+03	-1.440000e+00	7.378000e-01
1.274000e+03	-7.367000e-01	1.481000e+00
1.274500e+03	-1.482000e-02	2.488000e+00
1.275000e+03	6.657000e-01	3.723000e+00
1.275500e+03	1.270000e+00	4.812000e+00
1.276000e+03	1.752000e+00	5.369000e+00
1.276500e+03	2.047000e+00	5.319000e+00
1.277000e+03	2.119000e+00	4.812000e+00
1.277500e+03	1.935000e+00	3.924000e+00
1.278000e+03	1.495000e+00	2.596000e+00
1.278500e+03	8.332000e-01	8.550000e-01
1.279000e+03	3.503000e-03	-1.049000e+00
1.279500e+03	-9.284000e-01	-2.793000e+00
1.280000e+03	-1.901000e+00	-4.216000e+00
1.280500e+03	-2.767000e+00	-5.315000e+00
1.281000e+03	-3.435000e+00	-6.056000e+00
1.281500e+03	-3.827000e+00	-6.261000e+00
1.282000e+03	-3.776000e+00	-5.751000e+00
1.282500e+03	-3.426000e+00	-4.566000e+00
1.283000e+03	-2.722000e+00	-2.982000e+00
1.283500e+03	-1.788000e+00	-1.291000e+00
1.284000e+03	-8.057000e-01	4.075000e-01
1.284500e+03	2.290000e-01	2.127000e+00
1.285000e+03	1.111000e+00	3.745000e+00
1.285500e+03	1.780000e+00	4.930000e+00
1.286000e+03	2.227000e+00	5.356000e+00
1.286500e+03	2.387000e+00	4.953000e+00
1.287000e+03	2.312000e+00	3.916000e+00
1.287500e+03	2.019000e+00	2.548000e+00
1.288000e+03	1.521000e+00	1.143000e+00
1.288500e+03	8.904000e-01	-6.841000e-02
1.289000e+03	1.373000e-01	-1.001000e+00
1.289500e+03	-6.381000e-01	-1.752000e+00
1.290000e+03	-1.402000e+00	-2.444000e+00
1.290500e+03	-2.025000e+00	-2.995000e+00
1.291000e+03	-2.508000e+00	-3.135000e+00
1.291500e+03	-2.835000e+00	-2.735000e+00
1.292000e+03	-2.971000e+00	-2.005000e+00
1.292500e+03	-2.978000e+00	-1.283000e+00
1.293000e+03	-2.828000e+00	-6.835000e-01
1.293500e+03	-2.549000e+00	-8.538000e-02
1.294000e+03	-2.169000e+00	5.851000e-01
1.294500e+03	-1.694000e+00	1.212000e+00
1.295000e+03	-1.196000e+00	1.658000e+00
1.295500e+03	-6.721000e-01	1.923000e+00
1.296000e+03	-1.616000e-01	2.070000e+00
1.296500e+03	2.683000e-01	2.078000e+00
1.297000e+03	6.639000e-01	1.897000e+00
1.297500e+03	9.374000e-01	1.581000e+00
1.298000e+03	1.154000e+00	1.241000e+00
1.298500e+03	1.321000e+00	9.074000e-01
1.299000e+03	1.385000e+00	5.445000e-01
1.299500e+03	1.404000e+00	1.992000e-01
1.300000e+03	1.254000e+00	-4.181000e-03
1.300500e+03	1.016000e+00	-7.059000e-02
1.301000e+03	6.644000e-01	-2.300000e-01
1.301500e+03	1.767000e-01	-7.348000e-01
1.302000e+03	-3.244000e-01	-1.609000e+00
1.302500e+03	-9.292000e-01	-2.660000e+00
1.303000e+03	-1.487000e+00	-3.658000e+00
1.303500e+03	-1.953000e+00	-4.392000e+00
1.304000e+03	-2.300000e+00	-4.602000e+00
1.304500e+03	-2.358000e+00	-4.048000e+00
1.305000e+03	-2.199000e+00	-2.760000e+00
1.305500e+03	-1.810000e+00	-1.139000e+00
1.306000e+03	-1.215000e+00	3.386000e-01
1.306500e+03	-6.003000e-01	1.513000e+00
1.307000e+03	6.799000e-02	2.590000e+00
1.307500e+03	6.637000e-01	3.751000e+00
1.308000e+03	1.132000e+00	4.813000e+00
1.308500e+03	1.497000e+00	5.345000e+00
1.309000e+03	1.660000e+00	5.114000e+00
1.309500e+03	1.681000e+00	4.341000e+00
1.310000e+03	1.519000e+00	3.478000e+00
1.310500e+03	1.162000e+00	2.759000e+00
1.311000e+03	6.594000e-01	2.017000e+00
1.311500e+03	-1.707000e-02	9.288000e-01
1.312000e+03	-7.811000e-01	-6.065000e-01
1.312500e+03	-1.607000e+00	-2.355000e+00
1.313000e+03	-2.420000e+00	-3.941000e+00
1.313500e+03	-3.102000e+00	-5.105000e+00
1.314000e+03	-3.597000e+00	-5.771000e+00
1.314500e+03	-3.767000e+00	-5.928000e+00
1.315000e+03	-3.586000e+00	-5.488000e+00
1.315500e+03	-3.065000e+00	-4.306000e+00
1.316000e+03	-2.221000e+00	-2.375000e+00
1.316500e+03	-1.278000e+00	-3.779000e-02
1.317000e+03	-2.789000e-01	2.043000e+00
1.317500e+03	6.279000e-01	3.252000e+00
1.318000e+03	1.379000e+00	3.431000e+00
1.318500e+03	1.967000e+00	2.934000e+00
1.319000e+03	2.363000e+00	2.266000e+00
1.319500e+03	2.597000e+00	1.698000e+00
1.320000e+03	2.713000e+00	1.227000e+00
1.320500e+03	2.741000e+00	8.104000e-01
1.321000e+03	2.721000e+00	5.187000e-01
1.321500e+03	2.659000e+00	4.549000e-01
1.322000e+03	2.560000e+00	6.077000e-01
1.322500e+03	2.415000e+00	8.486000e-01
1.323000e+03	2.169000e+00	1.039000e+00
1.323500e+03	1.865000e+00	1.107000e+00
1.324000e+03	1.411000e+00	1.030000e+00
1.324500e+03	8.441000e-01	7.761000e-01
1.325000e+03	1.833000e-01	2.926000e-01
1.325500e+03	-5.960000e-01	-4.332000e-01
1.326000e+03	-1.387000e+00	-1.265000e+00
1.326500e+03	-2.192000e+00	-1.928000e+00
1.327000e+03	-2.928000e+00	-2.217000e+00
1.327500e+03	-3.526000e+00	-2.196000e+00
1.328000e+03	-3.982000e+00	-2.113000e+00
1.328500e+03	-4.215000e+00	-2.062000e+00
1.329000e+03	-4.240000e+00	-1.841000e+00
1.329500e+03	-4.033000e+00	-1.230000e+00
1.330000e+03	-3.652000e+00	-3.150000e-01
1.330500e+03	-3.104000e+00	5.992000e-01
1.331000e+03	-2.448000e+00	1.343000e+00
1.331500e+03	-1.729000e+00	1.950000e+00
1.332000e+03	-9.721000e-01	2.376000e+00
1.332500e+03	-2.589000e-01	2.374000e+00
1.333000e+03	3.985000e-01	1.820000e+00
1.333500e+03	9.570000e-01	1.009000e+00
1.334000e+03	1.406000e+00	3.987000e-01
1.334500e+03	1.766000e+00	1.011000e-01
1.335000e+03	2.016000e+00	-1.794000e-01
1.335500e+03	2.181000e+00	-6.747000e-01
1.336000e+03	2.258000e+00	-1.230000e+00
1.336500e+03	2.266000e+00	-1.537000e+00
1.337000e+03	2.231000e+00	-1.524000e+00
1.337500e+03	2.152000e+00	-1.339000e+00
1.338000e+03	2.045000e+00	-1.066000e+00
1.338500e+03	1.910000e+00	-6.339000e-01
1.339000e+03	1.751000e+00	-2.410000e-02
1.339500e+03	1.565000e+00	6.076000e-01
1.340000e+03	1.335000e+00	1.085000e+00
1.340500e+03	1.047000e+00	1.377000e+00
1.341000e+03	7.024000e-01	1.532000e+00
1.341500e+03	3.024000e-01	1.543000e+00
1.342000e+03	-1.404000e-01	1.353000e+00
1.342500e+03	-6.168000e-01	9.743000e-01
1.343000e+03	-1.114000e+00	5.134000e-01
1.343500e+03	-1.605000e+00	6.713000e-02
1.344000e+03	-2.073000e+00	-3.349000e-01
1.344500e+03	-2.487000e+00	-6.956000e-01
1.345000e+03	-2.827000e+00	-1.010000e+00
1.345500e+03	-3.068000e+00	-1.270000e+00
1.346000e+03	-3.189000e+00	-1.468000e+00
1.346500e+03	-3.182000e+00	-1.583000e+00
1.347000e+03	-3.034000e+00	-1.605000e+00
1.347500e+03	-2.727000e+00	-1.572000e+00
1.348000e+03	-2.263000e+00	-1.507000e+00
1.348500e+03	-1.671000e+00	-1.317000e+00
1.349000e+03	-9.365000e-01	-7.975000e-01
1.349500e+03	-1.848000e-01	1.527000e-01
1.350000e+03	5.724000e-01	1.336000e+00
1.350500e+03	1.263000e+00	2.349000e+00
1.351000e+03	1.798000e+00	2.899000e+00
1.351500e+03	2.204000e+00	2.983000e+00
1.352000e+03	2.390000e+00	2.766000e+00
1.352500e+03	2.387000e+00	2.332000e+00
1.353000e+03	2.200000e+00	1.640000e+00
1.353500e+03	1.821000e+00	6.995000e-01
1.354000e+03	1.345000e+00	-3.098000e-01
1.354500e+03	7.952000e-01	-1.154000e+00
1.355000e+03	2.487000e-01	-1.746000e+00
1.355500e+03	-2.414000e-01	-2.160000e+00
1.356000e+03	-6.758000e-01	-2.444000e+00
1.356500e+03	-1.007000e+00	-2.482000e+00
1.357000e+03	-1.245000e+00	-2.124000e+00
1.357500e+03	-1.382000e+00	-1.438000e+00
1.358000e+03	-1.414000e+00	-7.422000e-01
1.358500e+03	-1.368000e+00	-3.119000e-01
1.359000e+03	-1.237000e+00	-8.179000e-02
1.359500e+03	-1.050000e+00	2.825000e-01
1.360000e+03	-8.447000e-01	9.875000e-01
1.360500e+03	-6.453000e-01	1.838000e+00
1.361000e+03	-4.816000e-01	2.392000e+00
1.361500e+03	-3.506000e-01	2.349000e+00
1.362000e+03	-2.559000e-01	1.749000e+00
1.362500e+03	-2.124000e-01	8.461000e-01
1.363000e+03	-2.270000e-01	-7.321000e-02
1.363500e+03	-2.991000e-01	-7.464000e-01
1.364000e+03	-3.943000e-01	-9.878000e-01
1.364500e+03	-4.747000e-01	-8.410000e-01
1.365000e+03	-5.160000e-01	-6.362000e-01
1.365500e+03	-5.145000e-01	-7.243000e-01
1.366000e+03	-4.861000e-01	-1.101000e+00
1.366500e+03	-4.397000e-01	-1.393000e+00
1.367000e+03	-3.724000e-01	-1.275000e+00
1.367500e+03	-2.728000e-01	-8.144000e-01
1.368000e+03	-1.346000e-01	-3.438000e-01
1.368500e+03	3.814000e-02	-7.799000e-02
1.369000e+03	2.483000e-01	3.208000e-02
1.369500e+03	4.894000e-01	1.277000e-01
1.370000e+03	7.447000e-01	3.030000e-01
1.370500e+03	9.982000e-01	6.501000e-01
1.371000e+03	1.233000e+00	1.258000e+00
1.371500e+03	1.443000e+00	2.043000e+00
1.372000e+03	1.609000e+00	2.684000e+00
1.372500e+03	1.687000e+00	2.889000e+00
1.373000e+03	1.636000e+00	2.702000e+00
1.373500e+03	1.422000e+00	2.395000e+00
1.374000e+03	1.036000e+00	2.031000e+00
1.374500e+03	4.943000e-01	1.284000e+00
1.375000e+03	-1.753000e-01	-1.726000e-01
1.375500e+03	-9.236000e-01	-2.153000e+00
1.376000e+03	-1.684000e+00	-3.961000e+00
1.376500e+03	-2.371000e+00	-4.964000e+00
1.377000e+03	-2.897000e+00	-5.116000e+00
1.377500e+03	-3.181000e+00	-4.839000e+00
1.378000e+03	-3.134000e+00	-4.448000e+00
1.378500e+03	-2.789000e+00	-3.782000e+00
1.379000e+03	-2.145000e+00	-2.472000e+00
1.379500e+03	-1.363000e+00	-5.055000e-01
1.380000e+03	-5.306000e-01	1.600000e+00
1.380500e+03	2.853000e-01	3.236000e+00
1.381000e+03	9.846000e-01	4.200000e+00
1.381500e+03	1.603000e+00	4.672000e+00
1.382000e+03	1.996000e+00	4.815000e+00
1.382500e+03	2.194000e+00	4.572000e+00
1.383000e+03	2.189000e+00	3.887000e+00
1.383500e+03	1.981000e+00	2.910000e+00
1.384000e+03	1.677000e+00	1.878000e+00
1.384500e+03	1.222000e+00	8.868000e-01
1.385000e+03	6.685000e-01	-7.388000e-02
1.385500e+03	3.284000e-02	-9.513000e-01
1.386000e+03	-6.901000e-01	-1.662000e+00
1.386500e+03	-1.376000e+00	-2.243000e+00
1.387000e+03	-1.994000e+00	-2.792000e+00
1.387500e+03	-2.550000e+00	-3.233000e+00
1.388000e+03	-2.955000e+00	-3.344000e+00
1.388500e+03	-3.261000e+00	-3.072000e+00
1.389000e+03	-3.392000e+00	-2.648000e+00
1.389500e+03	-3.316000e+00	-2.261000e+00
1.390000e+03	-3.084000e+00	-1.791000e+00
1.390500e+03	-2.671000e+00	-1.071000e+00
1.391000e+03	-2.120000e+00	-2.858000e-01
1.391500e+03	-1.492000e+00	1.610000e-01
1.392000e+03	-7.658000e-01	2.075000e-01
1.392500e+03	-1.987000e-02	3.171000e-01
1.393000e+03	7.396000e-01	9.719000e-01
1.393500e+03	1.500000e+00	2.110000e+00
1.394000e+03	2.179000e+00	3.194000e+00
1.394500e+03	2.785000e+00	3.749000e+00
1.395000e+03	3.256000e+00	3.720000e+00
1.395500e+03	3.558000e+00	3.352000e+00
1.396000e+03	3.682000e+00	2.871000e+00
1.396500e+03	3.580000e+00	2.309000e+00
1.397000e+03	3.293000e+00	1.534000e+00
1.397500e+03	2.835000e+00	4.716000e-01
1.398000e+03	2.195000e+00	-6.726000e-01
1.398500e+03	1.470000e+00	-1.464000e+00
1.399000e+03	6.135000e-01	-1.634000e+00
1.399500e+03	-2.644000e-01	-1.415000e+00
1.400000e+03	-1.117000e+00	-1.352000e+00
1.400500e+03	-1.946000e+00	-1.711000e+00
1.401000e+03	-2.652000e+00	-2.200000e+00
1.401500e+03	-3.295000e+00	-2.365000e+00
1.402000e+03	-3.815000e+00	-2.150000e+00
1.402500e+03	-4.226000e+00	-1.919000e+00
1.403000e+03	-4.468000e+00	-1.981000e+00
1.403500e+03	-4.444000e+00	-2.248000e+00
1.404000e+03	-4.199000e+00	-2.409000e+00
1.404500e+03	-3.648000e+00	-2.288000e+00
1.405000e+03	-2.919000e+00	-1.915000e+00
1.405500e+03	-2.017000e+00	-1.308000e+00
1.406000e+03	-9.717000e-01	-3.976000e-01
1.406500e+03	1.212000e-01	7.766000e-01
1.407000e+03	1.295000e+00	1.893000e+00
1.407500e+03	2.380000e+00	2.555000e+00
1.408000e+03	3.391000e+00	2.696000e+00
1.408500e+03	4.261000e+00	2.683000e+00
1.409000e+03	4.922000e+00	2.929000e+00
1.409500e+03	5.413000e+00	3.473000e+00
1.410000e+03	5.639000e+00	4.024000e+00
1.410500e+03	5.608000e+00	4.322000e+00
1.411000e+03	5.298000e+00	4.282000e+00
1.411500e+03	4.657000e+00	3.761000e+00
1.412000e+03	3.753000e+00	2.471000e+00
1.412500e+03	2.587000e+00	3.621000e-01
1.413000e+03	1.263000e+00	-1.999000e+00
1.413500e+03	-1.037000e-01	-3.714000e+00
1.414000e+03	-1.439000e+00	-4.311000e+00
1.414500e+03	-2.606000e+00	-4.079000e+00
1.415000e+03	-3.553000e+00	-3.634000e+00
1.415500e+03	-4.223000e+00	-3.281000e+00
1.416000e+03	-4.571000e+00	-2.913000e+00
1.416500e+03	-4.663000e+00	-2.365000e+00
1.417000e+03	-4.514000e+00	-1.639000e+00
1.417500e+03	-4.134000e+00	-8.110000e-01
1.418000e+03	-3.649000e+00	6.881000e-02
1.418500e+03	-3.011000e+00	9.045000e-01
1.419000e+03	-2.300000e+00	1.491000e+00
1.419500e+03	-1.614000e+00	1.634000e+00
1.420000e+03	-9.049000e-01	1.325000e+00
1.420500e+03	-2.982000e-01	7.359000e-01
1.421000e+03	2.428000e-01	7.356000e-02
1.421500e+03	7.679000e-01	-5.488000e-01
1.422000e+03	1.226000e+00	-1.105000e+00
1.422500e+03	1.736000e+00	-1.547000e+00
1.423000e+03	2.261000e+00	-1.712000e+00
1.423500e+03	2.824000e+00	-1.381000e+00
1.424000e+03	3.419000e+00	-4.927000e-01
1.424500e+03	3.945000e+00	7.224000e-01
1.425000e+03	4.398000e+00	1.891000e+00
1.425500e+03	4.696000e+00	2.791000e+00
1.426000e+03	4.798000e+00	3.423000e+00
1.426500e+03	4.688000e+00	3.785000e+00
1.427000e+03	4.320000e+00	3.719000e+00
1.427500e+03	3.718000e+00	3.086000e+00
1.428000e+03	2.897000e+00	2.031000e+00
1.428500e+03	1.875000e+00	9.134000e-01
1.429000e+03	7.134000e-01	-2.404000e-02
1.429500e+03	-5.528000e-01	-8.379000e-01
1.430000e+03	-1.836000e+00	-1.712000e+00
1.430500e+03	-3.048000e+00	-2.679000e+00
1.431000e+03	-4.092000e+00	-3.537000e+00
1.431500e+03	-4.877000e+00	-3.982000e+00
1.432000e+03	-5.379000e+00	-3.815000e+00
1.432500e+03	-5.575000e+00	-3.099000e+00
1.433000e+03	-5.432000e+00	-2.147000e+00
1.433500e+03	-4.996000e+00	-1.316000e+00
1.434000e+03	-4.263000e+00	-7.516000e-01
1.434500e+03	-3.314000e+00	-3.379000e-01
1.435000e+03	-2.290000e+00	1.221000e-01
1.435500e+03	-1.170000e+00	7.417000e-01
1.436000e+03	-1.261000e-01	1.522000e+00
1.436500e+03	8.566000e-01	2.353000e+00
1.437000e+03	1.744000e+00	2.992000e+00
1.437500e+03	2.422000e+00	3.175000e+00
1.438000e+03	2.981000e+00	2.882000e+00
1.438500e+03	3.314000e+00	2.402000e+00
1.439000e+03	3.458000e+00	2.015000e+00
1.439500e+03	3.443000e+00	1.655000e+00
1.440000e+03	3.209000e+00	1.031000e+00
1.440500e+03	2.841000e+00	6.483000e-02
1.441000e+03	2.315000e+00	-9.419000e-01
1.441500e+03	1.705000e+00	-1.609000e+00
1.442000e+03	1.038000e+00	-1.809000e+00
1.442500e+03	3.570000e-01	-1.651000e+00
1.443000e+03	-3.041000e-01	-1.296000e+00
1.443500e+03	-9.544000e-01	-8.976000e-01
1.444000e+03	-1.562000e+00	-6.176000e-01
1.444500e+03	-2.131000e+00	-5.717000e-01
1.445000e+03	-2.655000e+00	-7.705000e-01
1.445500e+03	-3.110000e+00	-1.178000e+00
1.446000e+03	-3.481000e+00	-1.746000e+00
1.446500e+03	-3.689000e+00	-2.288000e+00
1.447000e+03	-3.757000e+00	-2.450000e+00
1.447500e+03	-3.595000e+00	-1.993000e+00
1.448000e+03	-3.241000e+00	-1.129000e+00
1.448500e+03	-2.710000e+00	-3.823000e-01
1.449000e+03	-2.007000e+00	-4.759000e-02
1.449500e+03	-1.238000e+00	7.589000e-02
1.450000e+03	-3.934000e-01	3.579000e-01
1.450500e+03	4.747000e-01	8.877000e-01
1.451000e+03	1.338000e+00	1.462000e+00
1.451500e+03	2.204000e+00	1.906000e+00
1.452000e+03	3.008000e+00	2.245000e+00
1.452500e+03	3.735000e+00	2.596000e+00
1.453000e+03	4.320000e+00	3.032000e+00
1.453500e+03	4.687000e+00	3.552000e+00
1.454000e+03	4.810000e+00	4.036000e+00
1.454500e+03	4.656000e+00	4.198000e+00
1.455000e+03	4.234000e+00	3.717000e+00
1.455500e+03	3.534000e+00	2.502000e+00
1.456000e+03	2.568000e+00	8.167000e-01
1.456500e+03	1.412000e+00	-9.051000e-01
1.457000e+03	1.480000e-01	-2.339000e+00
1.457500e+03	-1.096000e+00	-3.364000e+00
1.458000e+03	-2.221000e+00	-3.968000e+00
1.458500e+03	-3.155000e+00	-4.148000e+00
1.459000e+03	-3.835000e+00	-3.913000e+00
1.459500e+03	-4.207000e+00	-3.353000e+00
1.460000e+03	-4.359000e+00	-2.668000e+00
1.460500e+03	-4.242000e+00	-2.084000e+00
1.461000e+03	-3.903000e+00	-1.706000e+00
1.461500e+03	-3.393000e+00	-1.456000e+00
1.462000e+03	-2.664000e+00	-1.193000e+00
1.462500e+03	-1.867000e+00	-8.749000e-01
1.463000e+03	-1.003000e+00	-5.389000e-01
1.463500e+03	-7.205000e-02	-1.695000e-01
1.464000e+03	8.065000e-01	2.933000e-01
1.464500e+03	1.727000e+00	7.875000e-01
1.465000e+03	2.578000e+00	1.116000e+00
1.465500e+03	3.336000e+00	1.196000e+00
1.466000e+03	4.050000e+00	1.214000e+00
1.466500e+03	4.594000e+00	1.411000e+00
1.467000e+03	5.057000e+00	1.790000e+00
1.467500e+03	5.368000e+00	2.177000e+00
1.468000e+03	5.493000e+00	2.483000e+00
1.468500e+03	5.463000e+00	2.715000e+00
1.469000e+03	5.182000e+00	2.760000e+00
1.469500e+03	4.721000e+00	2.406000e+00
1.470000e+03	4.055000e+00	1.670000e+00
1.470500e+03	3.185000e+00	8.853000e-01
1.471000e+03	2.176000e+00	3.266000e-01
1.471500e+03	1.034000e+00	-1.031000e-01
1.472000e+03	-1.743000e-01	-6.194000e-01
1.472500e+03	-1.374000e+00	-1.135000e+00
1.473000e+03	-2.551000e+00	-1.343000e+00
1.473500e+03	-3.586000e+00	-1.199000e+00
1.474000e+03	-4.492000e+00	-1.042000e+00
1.474500e+03	-5.206000e+00	-1.173000e+00
1.475000e+03	-5.701000e+00	-1.484000e+00
1.475500e+03	-6.009000e+00	-1.630000e+00
1.476000e+03	-6.057000e+00	-1.435000e+00
1.476500e+03	-5.901000e+00	-1.020000e+00
1.477000e+03	-5.523000e+00	-6.190000e-01
1.477500e+03	-4.935000e+00	-3.981000e-01
1.478000e+03	-4.189000e+00	-3.744000e-01
1.478500e+03	-3.282000e+00	-4.085000e-01
1.479000e+03	-2.309000e+00	-3.108000e-01
1.479500e+03	-1.311000e+00	-5.930000e-02
1.480000e+03	-3.146000e-01	1.272000e-01
1.480500e+03	6.383000e-01	3.002000e-02
1.481000e+03	1.551000e+00	-3.055000e-01
1.481500e+03	2.380000e+00	-6.548000e-01
1.482000e+03	3.114000e+00	-9.032000e-01
1.482500e+03	3.770000e+00	-1.091000e+00
1.483000e+03	4.345000e+00	-1.188000e+00
1.483500e+03	4.870000e+00	-1.020000e+00
1.484000e+03	5.331000e+00	-4.746000e-01
1.484500e+03	5.705000e+00	3.519000e-01
1.485000e+03	5.970000e+00	1.303000e+00
1.485500e+03	6.063000e+00	2.311000e+00
1.486000e+03	5.941000e+00	3.287000e+00
1.486500e+03	5.570000e+00	3.983000e+00
1.487000e+03	4.935000e+00	4.122000e+00
1.487500e+03	4.053000e+00	3.640000e+00
1.488000e+03	2.946000e+00	2.674000e+00
1.488500e+03	1.662000e+00	1.380000e+00
1.489000e+03	2.553000e-01	-6.276000e-02
1.489500e+03	-1.204000e+00	-1.340000e+00
1.490000e+03	-2.637000e+00	-2.110000e+00
1.490500e+03	-3.950000e+00	-2.313000e+00
1.491000e+03	-5.055000e+00	-2.249000e+00
1.491500e+03	-5.892000e+00	-2.260000e+00
1.492000e+03	-6.436000e+00	-2.424000e+00
1.492500e+03	-6.652000e+00	-2.597000e+00
1.493000e+03	-6.569000e+00	-2.604000e+00
1.493500e+03	-6.162000e+00	-2.305000e+00
1.494000e+03	-5.416000e+00	-1.630000e+00
1.494500e+03	-4.448000e+00	-7.223000e-01
1.495000e+03	-3.255000e+00	3.099000e-02
1.495500e+03	-1.974000e+00	3.345000e-01
1.496000e+03	-6.572000e-01	3.233000e-01
1.496500e+03	6.174000e-01	4.064000e-01
1.497000e+03	1.783000e+00	7.733000e-01
1.497500e+03	2.868000e+00	1.227000e+00
1.498000e+03	3.795000e+00	1.522000e+00
1.498500e+03	4.613000e+00	1.669000e+00
1.499000e+03	5.269000e+00	1.806000e+00
1.499500e+03	5.720000e+00	1.952000e+00
1.500000e+03	5.969000e+00	2.034000e+00
1.500500e+03	5.929000e+00	2.031000e+00
1.501000e+03	5.638000e+00	1.901000e+00
1.501500e+03	5.105000e+00	1.444000e+00
1.502000e+03	4.311000e+00	4.866000e-01
1.502500e+03	3.371000e+00	-7.784000e-01
1.503000e+03	2.250000e+00	-1.836000e+00
1.503500e+03	1.048000e+00	-2.319000e+00
1.504000e+03	-1.238000e-01	-2.305000e+00
1.504500e+03	-1.264000e+00	-2.072000e+00
1.505000e+03	-2.245000e+00	-1.722000e+00
1.505500e+03	-3.080000e+00	-1.187000e+00
1.506000e+03	-3.740000e+00	-4.962000e-01
1.506500e+03	-4.240000e+00	1.405000e-01
1.507000e+03	-4.589000e+00	5.395000e-01
1.507500e+03	-4.796000e+00	6.936000e-01
1.508000e+03	-4.856000e+00	6.996000e-01
1.508500e+03	-4.756000e+00	6.226000e-01
1.509000e+03	-4.517000e+00	4.686000e-01
1.509500e+03	-4.144000e+00	2.279000e-01
1.510000e+03	-3.657000e+00	-8.381000e-02
1.510500e+03	-3.062000e+00	-3.837000e-01
1.511000e+03	-2.368000e+00	-5.226000e-01
1.511500e+03	-1.603000e+00	-4.013000e-01
1.512000e+03	-8.012000e-01	-1.117000e-01
1.512500e+03	7.284000e-03	1.081000e-01
1.513000e+03	7.851000e-01	9.560000e-02
1.513500e+03	1.511000e+00	-1.073000e-01
1.514000e+03	2.155000e+00	-3.594000e-01
1.514500e+03	2.701000e+00	-5.729000e-01
1.515000e+03	3.160000e+00	-7.120000e-01
1.515500e+03	3.539000e+00	-7.343000e-01
1.516000e+03	3.873000e+00	-6.296000e-01
1.516500e+03	4.166000e+00	-4.527000e-01
1.517000e+03	4.414000e+00	-2.008000e-01
1.517500e+03	4.587000e+00	3.012000e-01
1.518000e+03	4.636000e+00	1.233000e+00
1.518500e+03	4.531000e+00	2.466000e+00
1.519000e+03	4.241000e+00	3.543000e+00
1.519500e+03	3.734000e+00	4.062000e+00
1.520000e+03	2.988000e+00	3.980000e+00
1.520500e+03	1.988000e+00	3.451000e+00
1.521000e+03	7.488000e-01	2.495000e+00
1.521500e+03	-6.587000e-01	9.837000e-01
1.522000e+03	-2.142000e+00	-1.035000e+00
1.522500e+03	-3.575000e+00	-3.159000e+00
1.523000e+03	-4.838000e+00	-4.825000e+00
1.523500e+03	-5.827000e+00	-5.643000e+00
1.524000e+03	-6.408000e+00	-5.527000e+00
1.524500e+03	-6.561000e+00	-4.638000e+00
1.525000e+03	-6.273000e+00	-3.297000e+00
1.525500e+03	-5.591000e+00	-1.900000e+00
1.526000e+03	-4.683000e+00	-7.702000e-01
1.526500e+03	-3.549000e+00	-3.536000e-03
1.527000e+03	-2.324000e+00	5.408000e-01
1.527500e+03	-1.084000e+00	1.063000e+00
1.528000e+03	1.306000e-01	1.626000e+00
1.528500e+03	1.241000e+00	2.116000e+00
1.529000e+03	2.230000e+00	2.349000e+00
1.529500e+03	3.127000e+00	2.249000e+00
1.530000e+03	3.837000e+00	1.920000e+00
1.530500e+03	4.408000e+00	1.569000e+00
1.531000e+03	4.798000e+00	1.347000e+00
1.531500e+03	5.011000e+00	1.253000e+00
1.532000e+03	5.104000e+00	1.182000e+00
1.532500e+03	5.027000e+00	1.044000e+00
1.533000e+03	4.796000e+00	8.473000e-01
1.533500e+03	4.400000e+00	6.919000e-01
1.534000e+03	3.820000e+00	6.913000e-01
1.534500e+03	3.067000e+00	8.531000e-01
1.535000e+03	2.181000e+00	1.002000e+00
1.535500e+03	1.153000e+00	8.616000e-01
1.536000e+03	3.123000e-02	2.606000e-01
1.536500e+03	-1.167000e+00	-7.316000e-01
1.537000e+03	-2.396000e+00	-1.875000e+00
1.537500e+03	-3.553000e+00	-2.904000e+00
1.538000e+03	-4.581000e+00	-3.562000e+00
1.538500e+03	-5.389000e+00	-3.607000e+00
1.539000e+03	-5.905000e+00	-2.977000e+00
1.539500e+03	-6.121000e+00	-1.967000e+00
1.540000e+03	-6.028000e+00	-1.089000e+00
1.540500e+03	-5.637000e+00	-6.029000e-01
1.541000e+03	-5.047000e+00	-2.714000e-01
1.541500e+03	-4.260000e+00	2.908000e-01
1.542000e+03	-3.338000e+00	1.099000e+00
1.542500e+03	-2.325000e+00	1.775000e+00
1.543000e+03	-1.240000e+00	2.011000e+00
1.543500e+03	-1.793000e-01	1.890000e+00
1.544000e+03	8.315000e-01	1.690000e+00
1.544500e+03	1.744000e+00	1.539000e+00
1.545000e+03	2.513000e+00	1.359000e+00
1.545500e+03	3.159000e+00	1.071000e+00
1.546000e+03	3.663000e+00	7.158000e-01
1.546500e+03	4.054000e+00	4.062000e-01
1.547000e+03	4.315000e+00	2.572000e-01
1.547500e+03	4.395000e+00	3.323000e-01
1.548000e+03	4.275000e+00	5.519000e-01
1.548500e+03	3.923000e+00	6.644000e-01
1.549000e+03	3.388000e+00	4.001000e-01
1.549500e+03	2.705000e+00	-3.150000e-01
1.550000e+03	1.919000e+00	-1.323000e+00
1.550500e+03	1.085000e+00	-2.357000e+00
1.551000e+03	2.478000e-01	-3.102000e+00
1.551500e+03	-5.310000e-01	-3.222000e+00
1.552000e+03	-1.197000e+00	-2.559000e+00
1.552500e+03	-1.715000e+00	-1.375000e+00
1.553000e+03	-2.074000e+00	-2.451000e-01
1.553500e+03	-2.299000e+00	4.408000e-01
1.554000e+03	-2.418000e+00	7.842000e-01
1.554500e+03	-2.458000e+00	1.097000e+00
1.555000e+03	-2.447000e+00	1.462000e+00
1.555500e+03	-2.385000e+00	1.746000e+00
1.556000e+03	-2.278000e+00	1.912000e+00
1.556500e+03	-2.123000e+00	2.045000e+00
1.557000e+03	-1.932000e+00	2.040000e+00
1.557500e+03	-1.724000e+00	1.597000e+00
1.558000e+03	-1.505000e+00	6.682000e-01
1.558500e+03	-1.288000e+00	-2.863000e-01
1.559000e+03	-1.060000e+00	-7.198000e-01
1.559500e+03	-8.127000e-01	-5.885000e-01
1.560000e+03	-5.529000e-01	-3.329000e-01
1.560500e+03	-2.988000e-01	-3.329000e-01
1.561000e+03	-6.136000e-02	-6.001000e-01
1.561500e+03	1.566000e-01	-9.768000e-01
1.562000e+03	3.609000e-01	-1.363000e+00
1.562500e+03	5.583000e-01	-1.643000e+00
1.563000e+03	7.524000e-01	-1.599000e+00
1.563500e+03	9.562000e-01	-1.092000e+00
1.564000e+03	1.171000e+00	-2.684000e-01
1.564500e+03	1.374000e+00	5.535000e-01
1.565000e+03	1.521000e+00	1.148000e+00
1.565500e+03	1.565000e+00	1.432000e+00
1.566000e+03	1.483000e+00	1.339000e+00
1.566500e+03	1.291000e+00	8.176000e-01
1.567000e+03	1.005000e+00	-1.527000e-02
1.567500e+03	6.621000e-01	-8.538000e-01
1.568000e+03	3.049000e-01	-1.393000e+00
1.568500e+03	-2.232000e-02	-1.484000e+00
1.569000e+03	-2.748000e-01	-1.142000e+00
1.569500e+03	-4.421000e-01	-5.206000e-01
1.570000e+03	-5.371000e-01	8.953000e-02
1.570500e+03	-5.895000e-01	4.111000e-01
1.571000e+03	-6.210000e-01	4.413000e-01
1.571500e+03	-6.393000e-01	4.701000e-01
1.572000e+03	-6.535000e-01	7.360000e-01
1.572500e+03	-6.587000e-01	1.138000e+00
1.573000e+03	-6.471000e-01	1.400000e+00
1.573500e+03	-6.212000e-01	1.441000e+00
1.574000e+03	-5.961000e-01	1.415000e+00
1.574500e+03	-5.950000e-01	1.399000e+00
1.575000e+03	-6.488000e-01	1.240000e+00
1.575500e+03	-7.783000e-01	7.630000e-01
1.576000e+03	-9.706000e-01	-1.028000e-02
1.576500e+03	-1.182000e+00	-9.397000e-01
1.577000e+03	-1.351000e+00	-1.888000e+00
1.577500e+03	-1.427000e+00	-2.625000e+00
1.578000e+03	-1.389000e+00	-2.755000e+00
1.578500e+03	-1.228000e+00	-1.982000e+00
1.579000e+03	-9.566000e-01	-5.104000e-01
1.579500e+03	-6.145000e-01	1.001000e+00
1.580000e+03	-2.593000e-01	1.953000e+00
1.580500e+03	3.253000e-02	2.175000e+00
1.581000e+03	2.154000e-01	1.806000e+00
1.581500e+03	2.825000e-01	9.848000e-01
1.582000e+03	2.588000e-01	-1.485000e-01
1.582500e+03	1.947000e-01	-1.294000e+00
1.583000e+03	1.239000e-01	-2.064000e+00
1.583500e+03	7.387000e-02	-2.280000e+00
1.584000e+03	7.903000e-02	-2.084000e+00
1.584500e+03	1.502000e-01	-1.720000e+00
1.585000e+03	2.790000e-01	-1.329000e+00
1.585500e+03	4.433000e-01	-9.540000e-01
1.586000e+03	6.234000e-01	-6.123000e-01
1.586500e+03	8.119000e-01	-2.455000e-01
1.587000e+03	9.965000e-01	2.931000e-01
1.587500e+03	1.165000e+00	1.071000e+00
1.588000e+03	1.300000e+00	1.934000e+00
1.588500e+03	1.385000e+00	2.622000e+00
1.589000e+03	1.401000e+00	2.959000e+00
1.589500e+03	1.334000e+00	2.831000e+00
1.590000e+03	1.193000e+00	2.112000e+00
1.590500e+03	9.896000e-01	8.668000e-01
1.591000e+03	7.486000e-01	-3.454000e-01
1.591500e+03	4.946000e-01	-7.258000e-01
1.592000e+03	2.484000e-01	-2.775000e-02
1.592500e+03	2.521000e-02	1.070000e+00
1.593000e+03	-1.746000e-01	1.626000e+00
1.593500e+03	-3.676000e-01	1.397000e+00
1.594000e+03	-5.966000e-01	8.921000e-01
1.594500e+03	-8.993000e-01	5.314000e-01
1.595000e+03	-1.286000e+00	1.293000e-01
1.595500e+03	-1.735000e+00	-6.665000e-01
1.596000e+03	-2.201000e+00	-1.780000e+00
1.596500e+03	-2.632000e+00	-2.843000e+00
1.597000e+03	-2.968000e+00	-3.707000e+00
1.597500e+03	-3.140000e+00	-4.439000e+00
1.598000e+03	-3.070000e+00	-4.863000e+00
1.598500e+03	-2.777000e+00	-4.523000e+00
1.599000e+03	-2.219000e+00	-3.265000e+00
1.599500e+03	-1.458000e+00	-1.581000e+00
1.600000e+03	-5.842000e-01	-1.532000e-01
1.600500e+03	3.342000e-01	7.868000e-01
1.601000e+03	1.257000e+00	1.486000e+00
1.601500e+03	2.125000e+00	2.183000e+00
1.602000e+03	2.887000e+00	2.858000e+00
1.602500e+03	3.529000e+00	3.408000e+00
1.603000e+03	4.001000e+00	3.820000e+00
1.603500e+03	4.324000e+00	4.086000e+00
1.604000e+03	4.475000e+00	4.129000e+00
1.604500e+03	4.416000e+00	3.884000e+00
1.605000e+03	4.139000e+00	3.354000e+00
1.605500e+03	3.627000e+00	2.537000e+00
1.606000e+03	2.915000e+00	1.414000e+00
1.606500e+03	2.019000e+00	9.775000e-02
1.607000e+03	9.636000e-01	-1.134000e+00
1.607500e+03	-1.746000e-01	-2.062000e+00
1.608000e+03	-1.336000e+00	-2.703000e+00
1.608500e+03	-2.474000e+00	-3.170000e+00
1.609000e+03	-3.445000e+00	-3.433000e+00
1.609500e+03	-4.233000e+00	-3.376000e+00
1.610000e+03	-4.799000e+00	-3.033000e+00
1.610500e+03	-5.121000e+00	-2.636000e+00
1.611000e+03	-5.192000e+00	-2.391000e+00
1.611500e+03	-4.970000e+00	-2.308000e+00
1.612000e+03	-4.480000e+00	-2.239000e+00
1.612500e+03	-3.755000e+00	-1.985000e+00
1.613000e+03	-2.827000e+00	-1.355000e+00
1.613500e+03	-1.754000e+00	-2.782000e-01
1.614000e+03	-6.052000e-01	1.064000e+00
1.614500e+03	5.913000e-01	2.309000e+00
1.615000e+03	1.717000e+00	3.175000e+00
1.615500e+03	2.723000e+00	3.608000e+00
1.616000e+03	3.573000e+00	3.664000e+00
1.616500e+03	4.216000e+00	3.366000e+00
1.617000e+03	4.710000e+00	2.781000e+00
1.617500e+03	5.020000e+00	2.148000e+00
1.618000e+03	5.158000e+00	1.748000e+00
1.618500e+03	5.130000e+00	1.643000e+00
1.619000e+03	4.903000e+00	1.637000e+00
1.619500e+03	4.504000e+00	1.494000e+00
1.620000e+03	3.875000e+00	1.114000e+00
1.620500e+03	3.077000e+00	5.167000e-01
1.621000e+03	2.090000e+00	-2.525000e-01
1.621500e+03	9.196000e-01	-1.141000e+00
1.622000e+03	-3.163000e-01	-2.073000e+00
1.622500e+03	-1.624000e+00	-2.958000e+00
1.623000e+03	-2.873000e+00	-3.698000e+00
1.623500e+03	-3.987000e+00	-4.247000e+00
1.624000e+03	-4.855000e+00	-4.670000e+00
1.624500e+03	-5.360000e+00	-5.075000e+00
1.625000e+03	-5.479000e+00	-5.351000e+00
1.625500e+03	-5.127000e+00	-5.064000e+00
1.626000e+03	-4.399000e+00	-3.820000e+00
1.626500e+03	-3.331000e+00	-1.767000e+00
1.627000e+03	-2.040000e+00	4.549000e-01
1.627500e+03	-7.023000e-01	2.348000e+00
1.628000e+03	6.578000e-01	3.930000e+00
1.628500e+03	1.842000e+00	5.355000e+00
1.629000e+03	2.790000e+00	6.397000e+00
1.629500e+03	3.504000e+00	6.645000e+00
1.630000e+03	3.862000e+00	6.107000e+00
1.630500e+03	4.000000e+00	5.290000e+00
1.631000e+03	3.836000e+00	4.615000e+00
1.631500e+03	3.408000e+00	3.984000e+00
1.632000e+03	2.759000e+00	3.044000e+00
1.632500e+03	1.837000e+00	1.649000e+00
1.633000e+03	7.736000e-01	-6.505000e-02
1.633500e+03	-4.617000e-01	-1.872000e+00
1.634000e+03	-1.736000e+00	-3.528000e+00
1.634500e+03	-3.011000e+00	-4.785000e+00
1.635000e+03	-4.176000e+00	-5.543000e+00
1.635500e+03	-5.097000e+00	-5.930000e+00
1.636000e+03	-5.719000e+00	-6.079000e+00
1.636500e+03	-5.913000e+00	-5.889000e+00
1.637000e+03	-5.642000e+00	-5.192000e+00
1.637500e+03	-5.010000e+00	-4.071000e+00
1.638000e+03	-4.004000e+00	-2.764000e+00
1.638500e+03	-2.756000e+00	-1.302000e+00
1.639000e+03	-1.397000e+00	4.789000e-01
1.639500e+03	-5.291000e-02	2.475000e+00
1.640000e+03	1.210000e+00	4.164000e+00
1.640500e+03	2.213000e+00	5.088000e+00
1.641000e+03	2.990000e+00	5.305000e+00
1.641500e+03	3.479000e+00	5.158000e+00
1.642000e+03	3.661000e+00	4.775000e+00
1.642500e+03	3.650000e+00	4.035000e+00
1.643000e+03	3.361000e+00	2.925000e+00
1.643500e+03	2.882000e+00	1.659000e+00
1.644000e+03	2.230000e+00	4.549000e-01
1.644500e+03	1.378000e+00	-6.047000e-01
1.645000e+03	5.028000e-01	-1.454000e+00
1.645500e+03	-4.849000e-01	-2.013000e+00
1.646000e+03	-1.387000e+00	-2.328000e+00
1.646500e+03	-2.197000e+00	-2.530000e+00
1.647000e+03	-2.938000e+00	-2.615000e+00
1.647500e+03	-3.458000e+00	-2.437000e+00
1.648000e+03	-3.887000e+00	-2.045000e+00
1.648500e+03	-4.147000e+00	-1.784000e+00
1.649000e+03	-4.205000e+00	-1.878000e+00
1.649500e+03	-4.123000e+00	-2.078000e+00
1.650000e+03	-3.782000e+00	-1.948000e+00
1.650500e+03	-3.273000e+00	-1.408000e+00
1.651000e+03	-2.580000e+00	-7.265000e-01
1.651500e+03	-1.728000e+00	-1.012000e-02
1.652000e+03	-8.199000e-01	9.600000e-01
1.652500e+03	1.568000e-01	2.268000e+00
1.653000e+03	1.070000e+00	3.506000e+00
1.653500e+03	1.877000e+00	4.101000e+00
1.654000e+03	2.534000e+00	3.899000e+00
1.654500e+03	2.979000e+00	3.234000e+00
1.655000e+03	3.255000e+00	2.503000e+00
1.655500e+03	3.316000e+00	1.845000e+00
1.656000e+03	3.164000e+00	1.190000e+00
1.656500e+03	2.834000e+00	4.504000e-01
1.657000e+03	2.326000e+00	-4.218000e-01
1.657500e+03	1.735000e+00	-1.410000e+00
1.658000e+03	1.080000e+00	-2.369000e+00
1.658500e+03	4.050000e-01	-3.052000e+00
1.659000e+03	-2.337000e-01	-3.284000e+00
1.659500e+03	-8.236000e-01	-3.102000e+00
1.660000e+03	-1.296000e+00	-2.662000e+00
1.660500e+03	-1.650000e+00	-2.048000e+00
1.661000e+03	-1.889000e+00	-1.237000e+00
1.661500e+03	-2.018000e+00	-2.697000e-01
1.662000e+03	-2.078000e+00	6.104000e-01
1.662500e+03	-2.074000e+00	1.082000e+00
1.663000e+03	-2.020000e+00	1.021000e+00
1.663500e+03	-1.918000e+00	6.272000e-01
1.664000e+03	-1.745000e+00	2.451000e-01
1.664500e+03	-1.507000e+00	6.593000e-02
1.665000e+03	-1.198000e+00	4.507000e-02
1.665500e+03	-8.160000e-01	9.671000e-02
1.666000e+03	-3.732000e-01	2.652000e-01
1.666500e+03	1.303000e-01	6.332000e-01
1.667000e+03	6.450000e-01	1.124000e+00
1.667500e+03	1.135000e+00	1.516000e+00
1.668000e+03	1.560000e+00	1.662000e+00
1.668500e+03	1.890000e+00	1.623000e+00
1.669000e+03	2.118000e+00	1.553000e+00
1.669500e+03	2.219000e+00	1.517000e+00
1.670000e+03	2.180000e+00	1.454000e+00
1.670500e+03	1.987000e+00	1.234000e+00
1.671000e+03	1.644000e+00	7.008000e-01
1.671500e+03	1.173000e+00	-2.444000e-01
1.672000e+03	6.072000e-01	-1.483000e+00
1.672500e+03	-1.384000e-02	-2.629000e+00
1.673000e+03	-6.361000e-01	-3.251000e+00
1.673500e+03	-1.193000e+00	-3.200000e+00
1.674000e+03	-1.621000e+00	-2.692000e+00
1.674500e+03	-1.881000e+00	-2.056000e+00
1.675000e+03	-1.984000e+00	-1.435000e+00
1.675500e+03	-1.956000e+00	-7.668000e-01
1.676000e+03	-1.838000e+00	1.092000e-02
1.676500e+03	-1.652000e+00	7.923000e-01
1.677000e+03	-1.417000e+00	1.349000e+00
1.677500e+03	-1.143000e+00	1.533000e+00
1.678000e+03	-8.368000e-01	1.428000e+00
1.678500e+03	-5.167000e-01	1.260000e+00
1.679000e+03	-1.986000e-01	1.181000e+00
1.679500e+03	1.038000e-01	1.161000e+00
1.680000e+03	3.856000e-01	1.125000e+00
1.680500e+03	6.400000e-01	1.120000e+00
1.681000e+03	8.612000e-01	1.238000e+00
1.681500e+03	1.027000e+00	1.400000e+00
1.682000e+03	1.105000e+00	1.347000e+00
1.682500e+03	1.063000e+00	9.125000e-01
1.683000e+03	8.929000e-01	2.199000e-01
1.683500e+03	6.164000e-01	-4.826000e-01
1.684000e+03	2.743000e-01	-1.119000e+00
1.684500e+03	-9.621000e-02	-1.787000e+00
1.685000e+03	-4.602000e-01	-2.480000e+00
1.685500e+03	-7.760000e-01	-2.925000e+00
1.686000e+03	-1.009000e+00	-2.810000e+00
1.686500e+03	-1.133000e+00	-2.139000e+00
1.687000e+03	-1.159000e+00	-1.286000e+00
1.687500e+03	-1.095000e+00	-6.504000e-01
1.688000e+03	-9.512000e-01	-2.972000e-01
1.688500e+03	-7.370000e-01	1.666000e-02
1.689000e+03	-4.713000e-01	4.786000e-01
1.689500e+03	-1.832000e-01	9.824000e-01
1.690000e+03	1.189000e-01	1.332000e+00
1.690500e+03	4.306000e-01	1.590000e+00
1.691000e+03	7.500000e-01	2.019000e+00
1.691500e+03	1.048000e+00	2.641000e+00
1.692000e+03	1.277000e+00	3.062000e+00
1.692500e+03	1.400000e+00	2.903000e+00
1.693000e+03	1.387000e+00	2.264000e+00
1.693500e+03	1.235000e+00	1.524000e+00
1.694000e+03	9.488000e-01	7.906000e-01
1.694500e+03	5.424000e-01	-1.525000e-01
1.695000e+03	4.481000e-02	-1.337000e+00
1.695500e+03	-4.989000e-01	-2.380000e+00
1.696000e+03	-1.036000e+00	-2.926000e+00
1.696500e+03	-1.506000e+00	-3.053000e+00
1.697000e+03	-1.875000e+00	-3.022000e+00
1.697500e+03	-2.131000e+00	-2.830000e+00
1.698000e+03	-2.263000e+00	-2.341000e+00
1.698500e+03	-2.261000e+00	-1.715000e+00
1.699000e+03	-2.121000e+00	-1.320000e+00
1.699500e+03	-1.857000e+00	-1.162000e+00
1.700000e+03	-1.479000e+00	-7.969000e-01
1.700500e+03	-9.988000e-01	3.527000e-02
1.701000e+03	-4.351000e-01	9.980000e-01
1.701500e+03	1.871000e-01	1.615000e+00
1.702000e+03	8.252000e-01	1.910000e+00
1.702500e+03	1.436000e+00	2.288000e+00
1.703000e+03	1.984000e+00	2.901000e+00
1.703500e+03	2.431000e+00	3.463000e+00
1.704000e+03	2.739000e+00	3.670000e+00
1.704500e+03	2.888000e+00	3.528000e+00
1.705000e+03	2.868000e+00	3.180000e+00
1.705500e+03	2.660000e+00	2.656000e+00
1.706000e+03	2.237000e+00	1.907000e+00
1.706500e+03	1.604000e+00	9.312000e-01
1.707000e+03	7.964000e-01	-2.646000e-01
1.707500e+03	-1.253000e-01	-1.696000e+00
1.708000e+03	-1.092000e+00	-3.265000e+00
1.708500e+03	-2.017000e+00	-4.678000e+00
1.709000e+03	-2.806000e+00	-5.622000e+00
1.709500e+03	-3.349000e+00	-5.957000e+00
1.710000e+03	-3.552000e+00	-5.664000e+00
1.710500e+03	-3.413000e+00	-4.730000e+00
1.711000e+03	-2.908000e+00	-3.219000e+00
1.711500e+03	-2.203000e+00	-1.406000e+00
1.712000e+03	-1.352000e+00	3.246000e-01
1.712500e+03	-4.622000e-01	1.744000e+00
1.713000e+03	3.681000e-01	2.833000e+00
1.713500e+03	1.088000e+00	3.617000e+00
1.714000e+03	1.633000e+00	4.081000e+00
1.714500e+03	2.027000e+00	4.230000e+00
1.715000e+03	2.212000e+00	4.108000e+00
1.715500e+03	2.222000e+00	3.725000e+00
1.716000e+03	2.060000e+00	3.059000e+00
1.716500e+03	1.712000e+00	2.165000e+00
1.717000e+03	1.215000e+00	1.147000e+00
1.717500e+03	5.777000e-01	4.190000e-02
1.718000e+03	-1.502000e-01	-1.166000e+00
1.718500e+03	-8.810000e-01	-2.362000e+00
1.719000e+03	-1.584000e+00	-3.288000e+00
1.719500e+03	-2.199000e+00	-3.772000e+00
1.720000e+03	-2.630000e+00	-3.814000e+00
1.720500e+03	-2.889000e+00	-3.375000e+00
1.721000e+03	-2.929000e+00	-2.292000e+00
1.721500e+03	-2.758000e+00	-5.877000e-01
1.722000e+03	-2.433000e+00	1.255000e+00
1.722500e+03	-1.994000e+00	2.614000e+00
1.723000e+03	-1.529000e+00	3.296000e+00
1.723500e+03	-1.116000e+00	3.568000e+00
1.724000e+03	-8.359000e-01	3.623000e+00
1.724500e+03	-6.797000e-01	3.277000e+00
1.725000e+03	-6.807000e-01	2.281000e+00
1.725500e+03	-8.035000e-01	7.327000e-01
1.726000e+03	-1.014000e+00	-9.669000e-01
1.726500e+03	-1.300000e+00	-2.425000e+00
1.727000e+03	-1.558000e+00	-3.377000e+00
1.727500e+03	-1.754000e+00	-3.675000e+00
1.728000e+03	-1.813000e+00	-3.386000e+00
1.728500e+03	-1.699000e+00	-2.836000e+00
1.729000e+03	-1.452000e+00	-2.362000e+00
1.729500e+03	-1.072000e+00	-2.004000e+00
1.730000e+03	-6.350000e-01	-1.587000e+00
1.730500e+03	-1.519000e-01	-1.052000e+00
1.731000e+03	3.772000e-01	-4.940000e-01
1.731500e+03	9.090000e-01	1.104000e-01
1.732000e+03	1.438000e+00	9.327000e-01
1.732500e+03	1.899000e+00	1.925000e+00
1.733000e+03	2.270000e+00	2.669000e+00
1.733500e+03	2.536000e+00	2.804000e+00
1.734000e+03	2.667000e+00	2.478000e+00
1.734500e+03	2.680000e+00	2.143000e+00
1.735000e+03	2.586000e+00	1.994000e+00
1.735500e+03	2.389000e+00	1.853000e+00
1.736000e+03	2.101000e+00	1.588000e+00
1.736500e+03	1.718000e+00	1.351000e+00
1.737000e+03	1.268000e+00	1.288000e+00
1.737500e+03	7.616000e-01	1.241000e+00
1.738000e+03	1.679000e-01	9.310000e-01
1.738500e+03	-4.492000e-01	3.320000e-01
1.739000e+03	-1.134000e+00	-3.303000e-01
1.739500e+03	-1.856000e+00	-9.246000e-01
1.740000e+03	-2.543000e+00	-1.559000e+00
1.740500e+03	-3.232000e+00	-2.339000e+00
1.741000e+03	-3.794000e+00	-3.130000e+00
1.741500e+03	-4.210000e+00	-3.640000e+00
1.742000e+03	-4.437000e+00	-3.655000e+00
1.742500e+03	-4.366000e+00	-3.141000e+00
1.743000e+03	-4.085000e+00	-2.208000e+00
1.743500e+03	-3.584000e+00	-1.088000e+00
1.744000e+03	-2.879000e+00	-9.153000e-02
1.744500e+03	-2.103000e+00	5.464000e-01
1.745000e+03	-1.216000e+00	8.272000e-01
1.745500e+03	-3.331000e-01	9.436000e-01
1.746000e+03	5.285000e-01	1.057000e+00
1.746500e+03	1.388000e+00	1.165000e+00
1.747000e+03	2.174000e+00	1.195000e+00
1.747500e+03	2.942000e+00	1.156000e+00
1.748000e+03	3.632000e+00	1.151000e+00
1.748500e+03	4.216000e+00	1.291000e+00
1.749000e+03	4.681000e+00	1.611000e+00
1.749500e+03	4.952000e+00	2.034000e+00
1.750000e+03	5.039000e+00	2.347000e+00
1.750500e+03	4.914000e+00	2.292000e+00
1.751000e+03	4.576000e+00	1.780000e+00
1.751500e+03	4.049000e+00	1.017000e+00
1.752000e+03	3.324000e+00	3.203000e-01
1.752500e+03	2.459000e+00	-1.865000e-01
1.753000e+03	1.493000e+00	-6.112000e-01
1.753500e+03	4.709000e-01	-1.018000e+00
1.754000e+03	-5.489000e-01	-1.284000e+00
1.754500e+03	-1.549000e+00	-1.322000e+00
1.755000e+03	-2.481000e+00	-1.314000e+00
1.755500e+03	-3.326000e+00	-1.508000e+00
1.756000e+03	-4.059000e+00	-1.849000e+00
1.756500e+03	-4.638000e+00	-1.991000e+00
1.757000e+03	-5.015000e+00	-1.761000e+00
1.757500e+03	-5.164000e+00	-1.424000e+00
1.758000e+03	-5.080000e+00	-1.386000e+00
1.758500e+03	-4.741000e+00	-1.716000e+00
1.759000e+03	-4.202000e+00	-2.103000e+00
1.759500e+03	-3.434000e+00	-2.199000e+00
1.760000e+03	-2.486000e+00	-1.892000e+00
1.760500e+03	-1.373000e+00	-1.266000e+00
1.761000e+03	-1.488000e-01	-4.467000e-01
1.761500e+03	1.164000e+00	4.811000e-01
1.762000e+03	2.474000e+00	1.475000e+00
1.762500e+03	3.701000e+00	2.503000e+00
1.763000e+03	4.787000e+00	3.453000e+00
1.763500e+03	5.637000e+00	4.108000e+00
1.764000e+03	6.264000e+00	4.271000e+00
1.764500e+03	6.641000e+00	3.952000e+00
1.765000e+03	6.765000e+00	3.349000e+00
1.765500e+03	6.654000e+00	2.656000e+00
1.766000e+03	6.301000e+00	1.993000e+00
1.766500e+03	5.747000e+00	1.492000e+00
1.767000e+03	4.994000e+00	1.273000e+00
1.767500e+03	4.065000e+00	1.235000e+00
1.768000e+03	2.987000e+00	1.039000e+00
1.768500e+03	1.728000e+00	4.258000e-01
1.769000e+03	3.775000e-01	-5.158000e-01
1.769500e+03	-1.076000e+00	-1.550000e+00
1.770000e+03	-2.530000e+00	-2.625000e+00
1.770500e+03	-3.890000e+00	-3.797000e+00
1.771000e+03	-5.113000e+00	-4.856000e+00
1.771500e+03	-6.053000e+00	-5.347000e+00
1.772000e+03	-6.621000e+00	-5.054000e+00
1.772500e+03	-6.797000e+00	-4.261000e+00
1.773000e+03	-6.499000e+00	-3.404000e+00
1.773500e+03	-5.875000e+00	-2.622000e+00
1.774000e+03	-4.911000e+00	-1.824000e+00
1.774500e+03	-3.706000e+00	-1.041000e+00
1.775000e+03	-2.381000e+00	-4.395000e-01
1.775500e+03	-9.492000e-01	-1.876000e-02
1.776000e+03	4.788000e-01	4.483000e-01
1.776500e+03	1.884000e+00	1.079000e+00
1.777000e+03	3.248000e+00	1.684000e+00
1.777500e+03	4.524000e+00	2.033000e+00
1.778000e+03	5.664000e+00	2.188000e+00
1.778500e+03	6.656000e+00	2.433000e+00
1.779000e+03	7.459000e+00	2.920000e+00
1.779500e+03	8.071000e+00	3.517000e+00
1.780000e+03	8.466000e+00	3.990000e+00
1.780500e+03	8.606000e+00	4.218000e+00
1.781000e+03	8.477000e+00	4.227000e+00
1.781500e+03	8.032000e+00	4.061000e+00
1.782000e+03	7.257000e+00	3.691000e+00
1.782500e+03	6.140000e+00	3.017000e+00
1.783000e+03	4.752000e+00	1.965000e+00
1.783500e+03	3.081000e+00	6.050000e-01
1.784000e+03	1.212000e+00	-8.491000e-01
1.784500e+03	-7.561000e-01	-2.175000e+00
1.785000e+03	-2.759000e+00	-3.267000e+00
1.785500e+03	-4.629000e+00	-4.119000e+00
1.786000e+03	-6.266000e+00	-4.718000e+00
1.786500e+03	-7.540000e+00	-5.027000e+00
1.787000e+03	-8.343000e+00	-5.035000e+00
1.787500e+03	-8.635000e+00	-4.749000e+00
1.788000e+03	-8.454000e+00	-4.120000e+00
1.788500e+03	-7.792000e+00	-3.073000e+00
1.789000e+03	-6.736000e+00	-1.631000e+00
1.789500e+03	-5.415000e+00	-1.766000e-02
1.790000e+03	-3.867000e+00	1.428000e+00
1.790500e+03	-2.318000e+00	2.429000e+00
1.791000e+03	-8.006000e-01	2.911000e+00
1.791500e+03	5.483000e-01	3.016000e+00
1.792000e+03	1.626000e+00	2.943000e+00
1.792500e+03	2.519000e+00	2.731000e+00
1.793000e+03	3.091000e+00	2.191000e+00
1.793500e+03	3.480000e+00	1.131000e+00
1.794000e+03	3.676000e+00	-3.217000e-01
1.794500e+03	3.663000e+00	-1.705000e+00
1.795000e+03	3.574000e+00	-2.547000e+00
1.795500e+03	3.369000e+00	-2.679000e+00
1.796000e+03	3.174000e+00	-2.249000e+00
1.796500e+03	3.021000e+00	-1.542000e+00
1.797000e+03	2.859000e+00	-8.432000e-01
1.797500e+03	2.744000e+00	-3.254000e-01
1.798000e+03	2.572000e+00	7.056000e-02
1.798500e+03	2.357000e+00	5.905000e-01
1.799000e+03	2.116000e+00	1.371000e+00
1.799500e+03	1.793000e+00	2.225000e+00
1.800000e+03	1.474000e+00	2.852000e+00
1.800500e+03	1.099000e+00	3.205000e+00
1.801000e+03	6.710000e-01	3.454000e+00
1.801500e+03	2.047000e-01	3.615000e+00
1.802000e+03	-3.439000e-01	3.444000e+00
1.802500e+03	-9.102000e-01	2.820000e+00
1.803000e+03	-1.526000e+00	1.962000e+00
1.803500e+03	-2.195000e+00	1.101000e+00
1.804000e+03	-2.872000e+00	1.245000e-01
1.804500e+03	-3.568000e+00	-1.152000e+00
1.805000e+03	-4.211000e+00	-2.476000e+00
1.805500e+03	-4.751000e+00	-3.251000e+00
1.806000e+03	-5.132000e+00	-3.203000e+00
1.806500e+03	-5.333000e+00	-2.654000e+00
1.807000e+03	-5.309000e+00	-2.053000e+00
1.807500e+03	-5.095000e+00	-1.524000e+00
1.808000e+03	-4.710000e+00	-1.095000e+00
1.808500e+03	-4.140000e+00	-1.078000e+00
1.809000e+03	-3.487000e+00	-1.835000e+00
1.809500e+03	-2.694000e+00	-3.178000e+00
1.810000e+03	-1.780000e+00	-4.359000e+00
1.810500e+03	-7.850000e-01	-4.760000e+00
1.811000e+03	4.545000e-01	-4.359000e+00
1.811500e+03	1.794000e+00	-3.436000e+00
1.812000e+03	3.289000e+00	-2.078000e+00
1.812500e+03	4.787000e+00	-2.339000e-01
1.813000e+03	6.127000e+00	1.908000e+00
1.813500e+03	7.274000e+00	3.880000e+00
1.814000e+03	8.033000e+00	5.292000e+00
1.814500e+03	8.444000e+00	6.042000e+00
1.815000e+03	8.472000e+00	6.179000e+00
1.815500e+03	8.128000e+00	5.768000e+00
1.816000e+03	7.486000e+00	4.949000e+00
1.816500e+03	6.493000e+00	3.942000e+00
1.817000e+03	5.270000e+00	2.852000e+00
1.817500e+03	3.859000e+00	1.606000e+00
1.818000e+03	2.300000e+00	2.120000e-01
1.818500e+03	6.981000e-01	-1.014000e+00
1.819000e+03	-9.374000e-01	-1.700000e+00
1.819500e+03	-2.495000e+00	-1.848000e+00
1.820000e+03	-3.968000e+00	-1.819000e+00
1.820500e+03	-5.254000e+00	-1.879000e+00
1.821000e+03	-6.294000e+00	-1.979000e+00
1.821500e+03	-7.097000e+00	-2.034000e+00
1.822000e+03	-7.586000e+00	-2.211000e+00
1.822500e+03	-7.790000e+00	-2.675000e+00
1.823000e+03	-7.627000e+00	-3.201000e+00
1.823500e+03	-7.132000e+00	-3.271000e+00
1.824000e+03	-6.287000e+00	-2.639000e+00
1.824500e+03	-5.161000e+00	-1.587000e+00
1.825000e+03	-3.793000e+00	-5.850000e-01
1.825500e+03	-2.302000e+00	1.861000e-01
1.826000e+03	-7.551000e-01	8.584000e-01
1.826500e+03	7.594000e-01	1.578000e+00
1.827000e+03	2.105000e+00	2.318000e+00
1.827500e+03	3.277000e+00	2.921000e+00
1.828000e+03	4.172000e+00	3.165000e+00
1.828500e+03	4.820000e+00	2.823000e+00
1.829000e+03	5.233000e+00	1.839000e+00
1.829500e+03	5.367000e+00	4.912000e-01
1.830000e+03	5.293000e+00	-7.239000e-01
1.830500e+03	5.003000e+00	-1.457000e+00
1.831000e+03	4.572000e+00	-1.710000e+00
1.831500e+03	4.040000e+00	-1.672000e+00
1.832000e+03	3.463000e+00	-1.466000e+00
1.832500e+03	2.849000e+00	-1.118000e+00
1.833000e+03	2.199000e+00	-6.790000e-01
1.833500e+03	1.519000e+00	-2.495000e-01
1.834000e+03	8.056000e-01	1.205000e-01
1.834500e+03	4.613000e-02	4.696000e-01
1.835000e+03	-7.062000e-01	8.546000e-01
1.835500e+03	-1.445000e+00	1.261000e+00
1.836000e+03	-2.163000e+00	1.550000e+00
1.836500e+03	-2.818000e+00	1.477000e+00
1.837000e+03	-3.442000e+00	8.643000e-01
1.837500e+03	-3.976000e+00	-1.453000e-01
1.838000e+03	-4.411000e+00	-1.065000e+00
1.838500e+03	-4.726000e+00	-1.457000e+00
1.839000e+03	-4.858000e+00	-1.357000e+00
1.839500e+03	-4.805000e+00	-1.177000e+00
1.840000e+03	-4.521000e+00	-1.177000e+00
1.840500e+03	-4.026000e+00	-1.198000e+00
1.841000e+03	-3.355000e+00	-9.430000e-01
1.841500e+03	-2.538000e+00	-3.626000e-01
1.842000e+03	-1.621000e+00	3.969000e-01
1.842500e+03	-6.468000e-01	1.254000e+00
1.843000e+03	3.346000e-01	2.180000e+00
1.843500e+03	1.246000e+00	2.995000e+00
1.844000e+03	2.009000e+00	3.424000e+00
1.844500e+03	2.560000e+00	3.405000e+00
1.845000e+03	2.850000e+00	3.136000e+00
1.845500e+03	2.880000e+00	2.724000e+00
1.846000e+03	2.654000e+00	1.970000e+00
1.846500e+03	2.201000e+00	6.655000e-01
1.847000e+03	1.551000e+00	-1.011000e+00
1.847500e+03	7.788000e-01	-2.569000e+00
1.848000e+03	-3.051000e-02	-3.644000e+00
1.848500e+03	-7.778000e-01	-4.213000e+00
1.849000e+03	-1.378000e+00	-4.411000e+00
1.849500e+03	-1.805000e+00	-4.314000e+00
1.850000e+03	-1.975000e+00	-3.955000e+00
1.850500e+03	-1.962000e+00	-3.395000e+00
1.851000e+03	-1.761000e+00	-2.696000e+00
1.851500e+03	-1.389000e+00	-1.889000e+00
1.852000e+03	-9.475000e-01	-1.055000e+00
1.852500e+03	-3.638000e-01	-3.397000e-01
1.853000e+03	2.267000e-01	2.016000e-01
1.853500e+03	8.490000e-01	7.291000e-01
1.854000e+03	1.446000e+00	1.445000e+00
1.854500e+03	1.988000e+00	2.287000e+00
1.855000e+03	2.531000e+00	2.922000e+00
1.855500e+03	2.969000e+00	3.116000e+00
1.856000e+03	3.369000e+00	3.040000e+00
1.856500e+03	3.678000e+00	3.094000e+00
1.857000e+03	3.855000e+00	3.447000e+00
1.857500e+03	3.939000e+00	3.851000e+00
1.858000e+03	3.845000e+00	3.938000e+00
1.858500e+03	3.615000e+00	3.614000e+00
1.859000e+03	3.174000e+00	3.061000e+00
1.859500e+03	2.534000e+00	2.404000e+00
1.860000e+03	1.698000e+00	1.561000e+00
1.860500e+03	6.385000e-01	4.528000e-01
1.861000e+03	-5.108000e-01	-8.019000e-01
1.861500e+03	-1.801000e+00	-2.054000e+00
1.862000e+03	-3.106000e+00	-3.357000e+00
1.862500e+03	-4.332000e+00	-4.791000e+00
1.863000e+03	-5.424000e+00	-6.059000e+00
1.863500e+03	-6.186000e+00	-6.549000e+00
1.864000e+03	-6.564000e+00	-5.962000e+00
1.864500e+03	-6.493000e+00	-4.709000e+00
1.865000e+03	-5.954000e+00	-3.465000e+00
1.865500e+03	-5.058000e+00	-2.457000e+00
1.866000e+03	-3.874000e+00	-1.420000e+00
1.866500e+03	-2.471000e+00	-1.910000e-01
1.867000e+03	-1.011000e+00	9.934000e-01
1.867500e+03	4.345000e-01	1.871000e+00
1.868000e+03	1.797000e+00	2.523000e+00
1.868500e+03	2.966000e+00	3.151000e+00
1.869000e+03	3.983000e+00	3.673000e+00
1.869500e+03	4.753000e+00	3.832000e+00
1.870000e+03	5.252000e+00	3.614000e+00
1.870500e+03	5.533000e+00	3.283000e+00
1.871000e+03	5.556000e+00	3.002000e+00
1.871500e+03	5.406000e+00	2.649000e+00
1.872000e+03	5.029000e+00	2.088000e+00
1.872500e+03	4.425000e+00	1.403000e+00
1.873000e+03	3.611000e+00	7.423000e-01
1.873500e+03	2.600000e+00	8.245000e-02
1.874000e+03	1.478000e+00	-6.914000e-01
1.874500e+03	2.622000e-01	-1.556000e+00
1.875000e+03	-9.352000e-01	-2.347000e+00
1.875500e+03	-2.098000e+00	-2.923000e+00
1.876000e+03	-3.159000e+00	-3.229000e+00
1.876500e+03	-4.043000e+00	-3.229000e+00
1.877000e+03	-4.726000e+00	-2.944000e+00
1.877500e+03	-5.161000e+00	-2.514000e+00
1.878000e+03	-5.329000e+00	-2.094000e+00
1.878500e+03	-5.217000e+00	-1.670000e+00
1.879000e+03	-4.834000e+00	-1.087000e+00
1.879500e+03	-4.258000e+00	-2.606000e-01
1.880000e+03	-3.471000e+00	7.618000e-01
1.880500e+03	-2.588000e+00	1.919000e+00
1.881000e+03	-1.655000e+00	3.133000e+00
1.881500e+03	-7.335000e-01	4.135000e+00
1.882000e+03	7.236000e-02	4.503000e+00
1.882500e+03	7.739000e-01	4.030000e+00
1.883000e+03	1.282000e+00	2.964000e+00
1.883500e+03	1.597000e+00	1.757000e+00
1.884000e+03	1.735000e+00	6.307000e-01
1.884500e+03	1.680000e+00	-4.469000e-01
1.885000e+03	1.505000e+00	-1.484000e+00
1.885500e+03	1.226000e+00	-2.359000e+00
1.886000e+03	9.369000e-01	-2.993000e+00
1.886500e+03	6.965000e-01	-3.406000e+00
1.887000e+03	5.053000e-01	-3.555000e+00
1.887500e+03	3.826000e-01	-3.265000e+00
1.888000e+03	2.996000e-01	-2.468000e+00
1.888500e+03	2.661000e-01	-1.375000e+00
1.889000e+03	2.774000e-01	-3.338000e-01
1.889500e+03	2.972000e-01	4.264000e-01
1.890000e+03	3.245000e-01	8.493000e-01
1.890500e+03	3.367000e-01	9.915000e-01
1.891000e+03	3.228000e-01	1.029000e+00
1.891500e+03	2.896000e-01	1.202000e+00
1.892000e+03	2.149000e-01	1.576000e+00
1.892500e+03	1.203000e-01	1.901000e+00
1.893000e+03	4.202000e-03	1.883000e+00
1.893500e+03	-1.409000e-01	1.541000e+00
1.894000e+03	-3.220000e-01	1.134000e+00
1.894500e+03	-5.563000e-01	7.569000e-01
1.895000e+03	-8.173000e-01	2.524000e-01
1.895500e+03	-1.081000e+00	-4.155000e-01
1.896000e+03	-1.303000e+00	-9.690000e-01
1.896500e+03	-1.455000e+00	-1.159000e+00
1.897000e+03	-1.519000e+00	-1.104000e+00
1.897500e+03	-1.486000e+00	-1.061000e+00
1.898000e+03	-1.366000e+00	-9.957000e-01
1.898500e+03	-1.163000e+00	-6.431000e-01
1.899000e+03	-8.972000e-01	5.503000e-02
1.899500e+03	-5.940000e-01	8.374000e-01
1.900000e+03	-2.935000e-01	1.469000e+00
1.900500e+03	-4.030000e-02	1.937000e+00
1.901000e+03	1.413000e-01	2.224000e+00
1.901500e+03	2.301000e-01	2.139000e+00
1.902000e+03	2.064000e-01	1.578000e+00
1.902500e+03	5.893000e-02	7.502000e-01
1.903000e+03	-2.131000e-01	-5.661000e-02
1.903500e+03	-5.626000e-01	-8.578000e-01
1.904000e+03	-9.312000e-01	-1.852000e+00
1.904500e+03	-1.248000e+00	-2.962000e+00
1.905000e+03	-1.441000e+00	-3.737000e+00
1.905500e+03	-1.489000e+00	-3.788000e+00
1.906000e+03	-1.372000e+00	-3.147000e+00
1.906500e+03	-1.112000e+00	-2.125000e+00
1.907000e+03	-7.433000e-01	-1.006000e+00
1.907500e+03	-2.922000e-01	2.488000e-02
1.908000e+03	1.844000e-01	8.191000e-01
1.908500e+03	6.427000e-01	1.332000e+00
1.909000e+03	1.024000e+00	1.698000e+00
1.909500e+03	1.285000e+00	2.086000e+00
1.910000e+03	1.427000e+00	2.484000e+00
1.910500e+03	1.443000e+00	2.723000e+00
1.911000e+03	1.325000e+00	2.656000e+00
1.911500e+03	1.071000e+00	2.223000e+00
1.912000e+03	6.821000e-01	1.378000e+00
1.912500e+03	1.932000e-01	1.458000e-01
1.913000e+03	-3.386000e-01	-1.201000e+00
1.913500e+03	-8.471000e-01	-2.187000e+00
1.914000e+03	-1.259000e+00	-2.477000e+00
1.914500e+03	-1.543000e+00	-2.134000e+00
1.915000e+03	-1.683000e+00	-1.494000e+00
1.915500e+03	-1.678000e+00	-8.369000e-01
1.916000e+03	-1.552000e+00	-2.434000e-01
1.916500e+03	-1.337000e+00	2.983000e-01
1.917000e+03	-1.078000e+00	7.827000e-01
1.917500e+03	-8.164000e-01	1.192000e+00
1.918000e+03	-5.747000e-01	1.524000e+00
1.918500e+03	-3.780000e-01	1.766000e+00
1.919000e+03	-2.402000e-01	1.856000e+00
1.919500e+03	-1.751000e-01	1.696000e+00
1.920000e+03	-1.947000e-01	1.193000e+00
1.920500e+03	-2.876000e-01	3.486000e-01
1.921000e+03	-4.464000e-01	-6.780000e-01
1.921500e+03	-6.340000e-01	-1.613000e+00
1.922000e+03	-8.083000e-01	-2.220000e+00
1.922500e+03	-9.195000e-01	-2.423000e+00
1.923000e+03	-9.136000e-01	-2.269000e+00
1.923500e+03	-7.924000e-01	-1.822000e+00
1.924000e+03	-5.706000e-01	-1.138000e+00
1.924500e+03	-2.850000e-01	-2.920000e-01
1.925000e+03	1.579000e-02	6.150000e-01
1.925500e+03	2.995000e-01	1.451000e+00
1.926000e+03	5.303000e-01	2.000000e+00
1.926500e+03	6.852000e-01	1.999000e+00
1.927000e+03	7.519000e-01	1.360000e+00
1.927500e+03	7.275000e-01	3.583000e-01
1.928000e+03	6.350000e-01	-5.470000e-01
1.928500e+03	5.013000e-01	-1.105000e+00
1.929000e+03	3.676000e-01	-1.379000e+00
1.929500e+03	2.803000e-01	-1.459000e+00
1.930000e+03	2.647000e-01	-1.260000e+00
1.930500e+03	3.367000e-01	-7.184000e-01
1.931000e+03	4.658000e-01	7.628000e-03
1.931500e+03	5.962000e-01	6.986000e-01
1.932000e+03	6.700000e-01	1.329000e+00
1.932500e+03	6.466000e-01	1.924000e+00
1.933000e+03	5.294000e-01	2.221000e+00
1.933500e+03	3.309000e-01	1.796000e+00
1.934000e+03	6.968000e-02	6.096000e-01
1.934500e+03	-2.224000e-01	-7.793000e-01
1.935000e+03	-5.078000e-01	-1.697000e+00
1.935500e+03	-7.349000e-01	-1.904000e+00
1.936000e+03	-8.606000e-01	-1.570000e+00
1.936500e+03	-8.762000e-01	-8.850000e-01
1.937000e+03	-7.863000e-01	3.084000e-02
1.937500e+03	-6.248000e-01	9.206000e-01
1.938000e+03	-4.446000e-01	1.406000e+00
1.938500e+03	-2.926000e-01	1.327000e+00
1.939000e+03	-1.951000e-01	9.396000e-01
1.939500e+03	-1.506000e-01	6.555000e-01
1.940000e+03	-1.528000e-01	6.432000e-01
1.940500e+03	-2.106000e-01	7.134000e-01
1.941000e+03	-3.249000e-01	5.219000e-01
1.941500e+03	-4.755000e-01	-1.328000e-01
1.942000e+03	-6.386000e-01	-1.120000e+00
1.942500e+03	-7.876000e-01	-2.035000e+00
1.943000e+03	-9.059000e-01	-2.502000e+00
1.943500e+03	-9.748000e-01	-2.468000e+00
1.944000e+03	-9.613000e-01	-2.133000e+00
1.944500e+03	-8.422000e-01	-1.620000e+00
1.945000e+03	-6.163000e-01	-8.635000e-01
1.945500e+03	-3.185000e-01	9.838000e-02
1.946000e+03	9.186000e-03	9.117000e-01
1.946500e+03	3.419000e-01	1.193000e+00
1.947000e+03	6.726000e-01	9.961000e-01
1.947500e+03	9.996000e-01	8.109000e-01
1.948000e+03	1.317000e+00	1.060000e+00
1.948500e+03	1.622000e+00	1.708000e+00
1.949000e+03	1.898000e+00	2.368000e+00
1.949500e+03	2.115000e+00	2.683000e+00
1.950000e+03	2.247000e+00	2.580000e+00
1.950500e+03	2.262000e+00	2.246000e+00
1.951000e+03	2.132000e+00	1.940000e+00
1.951500e+03	1.842000e+00	1.728000e+00
1.952000e+03	1.395000e+00	1.387000e+00
1.952500e+03	8.218000e-01	6.545000e-01
1.953000e+03	1.431000e-01	-4.114000e-01
1.953500e+03	-6.214000e-01	-1.455000e+00
1.954000e+03	-1.448000e+00	-2.272000e+00
1.954500e+03	-2.286000e+00	-3.076000e+00
1.955000e+03	-3.046000e+00	-4.169000e+00
1.955500e+03	-3.555000e+00	-5.424000e+00
1.956000e+03	-3.793000e+00	-6.292000e+00
1.956500e+03	-3.622000e+00	-6.293000e+00
1.957000e+03	-3.074000e+00	-5.338000e+00
1.957500e+03	-2.227000e+00	-3.618000e+00
1.958000e+03	-1.103000e+00	-1.419000e+00
1.958500e+03	8.785000e-02	8.766000e-01
1.959000e+03	1.268000e+00	2.806000e+00
1.959500e+03	2.366000e+00	4.079000e+00
1.960000e+03	3.232000e+00	4.762000e+00
1.960500e+03	3.899000e+00	5.099000e+00
1.961000e+03	4.311000e+00	5.229000e+00
1.961500e+03	4.489000e+00	5.173000e+00
1.962000e+03	4.508000e+00	5.007000e+00
1.962500e+03	4.275000e+00	4.834000e+00
1.963000e+03	3.864000e+00	4.562000e+00
1.963500e+03	3.245000e+00	3.917000e+00
1.964000e+03	2.414000e+00	2.763000e+00
1.964500e+03	1.452000e+00	1.291000e+00
1.965000e+03	3.289000e-01	-2.039000e-01
1.965500e+03	-9.615000e-01	-1.627000e+00
1.966000e+03	-2.287000e+00	-3.044000e+00
1.966500e+03	-3.665000e+00	-4.385000e+00
1.967000e+03	-4.923000e+00	-5.383000e+00
1.967500e+03	-5.957000e+00	-5.814000e+00
1.968000e+03	-6.713000e+00	-5.705000e+00
1.968500e+03	-7.029000e+00	-5.230000e+00
1.969000e+03	-6.955000e+00	-4.524000e+00
1.969500e+03	-6.415000e+00	-3.655000e+00
1.970000e+03	-5.514000e+00	-2.699000e+00
1.970500e+03	-4.329000e+00	-1.722000e+00
1.971000e+03	-2.875000e+00	-7.241000e-01
1.971500e+03	-1.382000e+00	2.938000e-01
1.972000e+03	1.801000e-01	1.194000e+00
1.972500e+03	1.692000e+00	1.783000e+00
1.973000e+03	3.068000e+00	2.091000e+00
1.973500e+03	4.349000e+00	2.450000e+00
1.974000e+03	5.371000e+00	3.156000e+00
1.974500e+03	6.200000e+00	4.093000e+00
1.975000e+03	6.778000e+00	4.805000e+00
1.975500e+03	7.063000e+00	4.930000e+00
1.976000e+03	7.125000e+00	4.445000e+00
1.976500e+03	6.879000e+00	3.525000e+00
1.977000e+03	6.317000e+00	2.350000e+00
1.977500e+03	5.508000e+00	1.153000e+00
1.978000e+03	4.362000e+00	2.410000e-01
1.978500e+03	3.034000e+00	-2.636000e-01
1.979000e+03	1.537000e+00	-6.572000e-01
1.979500e+03	-7.921000e-02	-1.400000e+00
1.980000e+03	-1.662000e+00	-2.592000e+00
1.980500e+03	-3.213000e+00	-3.865000e+00
1.981000e+03	-4.562000e+00	-4.804000e+00
1.981500e+03	-5.654000e+00	-5.287000e+00
1.982000e+03	-6.420000e+00	-5.315000e+00
1.982500e+03	-6.748000e+00	-4.747000e+00
1.983000e+03	-6.634000e+00	-3.450000e+00
1.983500e+03	-6.069000e+00	-1.639000e+00
1.984000e+03	-5.154000e+00	1.828000e-01
1.984500e+03	-4.044000e+00	1.657000e+00
1.985000e+03	-2.816000e+00	2.792000e+00
1.985500e+03	-1.623000e+00	3.705000e+00
1.986000e+03	-4.976000e-01	4.333000e+00
1.986500e+03	5.149000e-01	4.488000e+00
1.987000e+03	1.297000e+00	4.107000e+00
1.987500e+03	1.935000e+00	3.325000e+00
1.988000e+03	2.371000e+00	2.353000e+00
1.988500e+03	2.642000e+00	1.373000e+00
1.989000e+03	2.782000e+00	5.126000e-01
1.989500e+03	2.749000e+00	-1.668000e-01
1.990000e+03	2.633000e+00	-6.680000e-01
1.990500e+03	2.377000e+00	-1.020000e+00
1.991000e+03	2.019000e+00	-1.256000e+00
1.991500e+03	1.604000e+00	-1.432000e+00
1.992000e+03	1.040000e+00	-1.621000e+00
1.992500e+03	4.486000e-01	-1.863000e+00
1.993000e+03	-2.120000e-01	-2.186000e+00
1.993500e+03	-8.873000e-01	-2.636000e+00
1.994000e+03	-1.467000e+00	-3.179000e+00
1.994500e+03	-1.980000e+00	-3.543000e+00
1.995000e+03	-2.319000e+00	-3.356000e+00
1.995500e+03	-2.429000e+00	-2.565000e+00
1.996000e+03	-2.369000e+00	-1.561000e+00
1.996500e+03	-2.069000e+00	-7.053000e-01
1.997000e+03	-1.615000e+00	1.313000e-01
1.997500e+03	-1.062000e+00	1.284000e+00
1.998000e+03	-4.232000e-01	2.635000e+00
1.998500e+03	1.856000e-01	3.622000e+00
1.999000e+03	7.793000e-01	3.960000e+00
1.999500e+03	1.300000e+00	4.027000e+00
2.000000e+03	1.711000e+00	4.288000e+00
--------------------------------------------------